[{
  "0BSD": "http://landley.net/toybox/license.html",
  "AAL": "https://opensource.org/licenses/attribution",
  "ADSL": "https://fedoraproject.org/wiki/Licensing/AmazonDigitalServicesLicense",
  "AFL-1.1": "http://opensource.linux-mirror.org/licenses/afl-1.1.txt",
  "AFL-1.2": "http://opensource.linux-mirror.org/licenses/afl-1.2.txt",
  "AFL-2.0": "http://wayback.archive.org/web/20060924134533/http://www.opensource.org/licenses/afl-2.0.txt",
  "AFL-2.1": "http://opensource.linux-mirror.org/licenses/afl-2.1.txt",
  "AFL-3.0": "http://www.rosenlaw.com/AFL3.0.htm",
  "AGPL-1.0": "http://www.affero.org/oagpl.html",
  "AGPL-1.0-only": "http://www.affero.org/oagpl.html",
  "AGPL-1.0-or-later": "http://www.affero.org/oagpl.html",
  "AGPL-3.0": "https://www.gnu.org/licenses/agpl.txt",
  "AGPL-3.0-only": "https://www.gnu.org/licenses/agpl.txt",
  "AGPL-3.0-or-later": "https://www.gnu.org/licenses/agpl.txt",
  "AMDPLPA": "https://fedoraproject.org/wiki/Licensing/AMD_plpa_map_License",
  "AML": "https://fedoraproject.org/wiki/Licensing/Apple_MIT_License",
  "AMPAS": "https://fedoraproject.org/wiki/Licensing/BSD#AMPASBSD",
  "ANTLR-PD": "http://www.antlr2.org/license.html",
  "APAFML": "https://fedoraproject.org/wiki/Licensing/AdobePostscriptAFM",
  "APL-1.0": "https://opensource.org/licenses/APL-1.0",
  "APSL-1.0": "https://fedoraproject.org/wiki/Licensing/Apple_Public_Source_License_1.0",
  "APSL-1.1": "http://www.opensource.apple.com/source/IOSerialFamily/IOSerialFamily-7/APPLE_LICENSE",
  "APSL-1.2": "http://www.samurajdata.se/opensource/mirror/licenses/apsl.php",
  "APSL-2.0": "http://www.opensource.apple.com/license/apsl/",
  "Abstyles": "https://fedoraproject.org/wiki/Licensing/Abstyles",
  "Adobe-2006": "https://fedoraproject.org/wiki/Licensing/AdobeLicense",
  "Adobe-Glyph": "https://fedoraproject.org/wiki/Licensing/MIT#AdobeGlyph",
  "Afmparse": "https://fedoraproject.org/wiki/Licensing/Afmparse",
  "Aladdin": "http://pages.cs.wisc.edu/~ghost/doc/AFPL/6.01/Public.htm",
  "Apache-1.0": "http://www.apache.org/licenses/LICENSE-1.0",
  "Apache-1.1": "http://apache.org/licenses/LICENSE-1.1",
  "Apache-2.0": "http://www.apache.org/licenses/LICENSE-2.0",
  "Artistic-1.0": "https://opensource.org/licenses/Artistic-1.0",
  "Artistic-1.0-Perl": "http://dev.perl.org/licenses/artistic.html",
  "Artistic-1.0-cl8": "https://opensource.org/licenses/Artistic-1.0",
  "Artistic-2.0": "http://www.perlfoundation.org/artistic_license_2_0",
  "BSD-1-Clause": "https://svnweb.freebsd.org/base/head/include/ifaddrs.h?revision=326823",
  "BSD-2-Clause": "https://opensource.org/licenses/BSD-2-Clause",
  "BSD-2-Clause-FreeBSD": "http://www.freebsd.org/copyright/freebsd-license.html",
  "BSD-2-Clause-NetBSD": "http://www.netbsd.org/about/redistribution.html#default",
  "BSD-2-Clause-Patent": "https://opensource.org/licenses/BSDplusPatent",
  "BSD-3-Clause": "https://opensource.org/licenses/BSD-3-Clause",
  "BSD-3-Clause-Attribution": "https://fedoraproject.org/wiki/Licensing/BSD_with_Attribution",
  "BSD-3-Clause-Clear": "http://labs.metacarta.com/license-explanation.html#license",
  "BSD-3-Clause-LBNL": "https://fedoraproject.org/wiki/Licensing/LBNLBSD",
  "BSD-3-Clause-No-Nuclear-License": "http://download.oracle.com/otn-pub/java/licenses/bsd.txt?AuthParam=1467140197_43d516ce1776bd08a58235a7785be1cc",
  "BSD-3-Clause-No-Nuclear-License-2014": "https://java.net/projects/javaeetutorial/pages/BerkeleyLicense",
  "BSD-3-Clause-No-Nuclear-Warranty": "https://jogamp.org/git/?p=gluegen.git;a=blob_plain;f=LICENSE.txt",
  "BSD-3-Clause-Open-MPI": "https://www.open-mpi.org/community/license.php",
  "BSD-4-Clause": "http://directory.fsf.org/wiki/License:BSD_4Clause",
  "BSD-4-Clause-UC": "http://www.freebsd.org/copyright/license.html",
  "BSD-Protection": "https://fedoraproject.org/wiki/Licensing/BSD_Protection_License",
  "BSD-Source-Code": "https://github.com/robbiehanson/CocoaHTTPServer/blob/master/LICENSE.txt",
  "BSL-1.0": "http://www.boost.org/LICENSE_1_0.txt",
  "Bahyph": "https://fedoraproject.org/wiki/Licensing/Bahyph",
  "Barr": "https://fedoraproject.org/wiki/Licensing/Barr",
  "Beerware": "https://fedoraproject.org/wiki/Licensing/Beerware",
  "BitTorrent-1.0": "http://sources.gentoo.org/cgi-bin/viewvc.cgi/gentoo-x86/licenses/BitTorrent?r1=1.1&r2=1.1.1.1&diff_format=s",
  "BitTorrent-1.1": "http://directory.fsf.org/wiki/License:BitTorrentOSL1.1",
  "BlueOak-1.0.0": "https://blueoakcouncil.org/license/1.0.0",
  "Borceux": "https://fedoraproject.org/wiki/Licensing/Borceux",
  "CATOSL-1.1": "https://opensource.org/licenses/CATOSL-1.1",
  "CC-BY-1.0": "https://creativecommons.org/licenses/by/1.0/legalcode",
  "CC-BY-2.0": "https://creativecommons.org/licenses/by/2.0/legalcode",
  "CC-BY-2.5": "https://creativecommons.org/licenses/by/2.5/legalcode",
  "CC-BY-3.0": "https://creativecommons.org/licenses/by/3.0/legalcode",
  "CC-BY-4.0": "https://creativecommons.org/licenses/by/4.0/legalcode",
  "CC-BY-NC-1.0": "https://creativecommons.org/licenses/by-nc/1.0/legalcode",
  "CC-BY-NC-2.0": "https://creativecommons.org/licenses/by-nc/2.0/legalcode",
  "CC-BY-NC-2.5": "https://creativecommons.org/licenses/by-nc/2.5/legalcode",
  "CC-BY-NC-3.0": "https://creativecommons.org/licenses/by-nc/3.0/legalcode",
  "CC-BY-NC-4.0": "https://creativecommons.org/licenses/by-nc/4.0/legalcode",
  "CC-BY-NC-ND-1.0": "https://creativecommons.org/licenses/by-nd-nc/1.0/legalcode",
  "CC-BY-NC-ND-2.0": "https://creativecommons.org/licenses/by-nc-nd/2.0/legalcode",
  "CC-BY-NC-ND-2.5": "https://creativecommons.org/licenses/by-nc-nd/2.5/legalcode",
  "CC-BY-NC-ND-3.0": "https://creativecommons.org/licenses/by-nc-nd/3.0/legalcode",
  "CC-BY-NC-ND-4.0": "https://creativecommons.org/licenses/by-nc-nd/4.0/legalcode",
  "CC-BY-NC-SA-1.0": "https://creativecommons.org/licenses/by-nc-sa/1.0/legalcode",
  "CC-BY-NC-SA-2.0": "https://creativecommons.org/licenses/by-nc-sa/2.0/legalcode",
  "CC-BY-NC-SA-2.5": "https://creativecommons.org/licenses/by-nc-sa/2.5/legalcode",
  "CC-BY-NC-SA-3.0": "https://creativecommons.org/licenses/by-nc-sa/3.0/legalcode",
  "CC-BY-NC-SA-4.0": "https://creativecommons.org/licenses/by-nc-sa/4.0/legalcode",
  "CC-BY-ND-1.0": "https://creativecommons.org/licenses/by-nd/1.0/legalcode",
  "CC-BY-ND-2.0": "https://creativecommons.org/licenses/by-nd/2.0/legalcode",
  "CC-BY-ND-2.5": "https://creativecommons.org/licenses/by-nd/2.5/legalcode",
  "CC-BY-ND-3.0": "https://creativecommons.org/licenses/by-nd/3.0/legalcode",
  "CC-BY-ND-4.0": "https://creativecommons.org/licenses/by-nd/4.0/legalcode",
  "CC-BY-SA-1.0": "https://creativecommons.org/licenses/by-sa/1.0/legalcode",
  "CC-BY-SA-2.0": "https://creativecommons.org/licenses/by-sa/2.0/legalcode",
  "CC-BY-SA-2.5": "https://creativecommons.org/licenses/by-sa/2.5/legalcode",
  "CC-BY-SA-3.0": "https://creativecommons.org/licenses/by-sa/3.0/legalcode",
  "CC-BY-SA-4.0": "https://creativecommons.org/licenses/by-sa/4.0/legalcode",
  "CC-PDDC": "https://creativecommons.org/licenses/publicdomain/",
  "CC0-1.0": "https://creativecommons.org/publicdomain/zero/1.0/legalcode",
  "CDDL-1.0": "https://opensource.org/licenses/cddl1",
  "CDDL-1.1": "http://glassfish.java.net/public/CDDL+GPL_1_1.html",
  "CDLA-Permissive-1.0": "https://cdla.io/permissive-1-0",
  "CDLA-Sharing-1.0": "https://cdla.io/sharing-1-0",
  "CECILL-1.0": "http://www.cecill.info/licences/Licence_CeCILL_V1-fr.html",
  "CECILL-1.1": "http://www.cecill.info/licences/Licence_CeCILL_V1.1-US.html",
  "CECILL-2.0": "http://www.cecill.info/licences/Licence_CeCILL_V2-en.html",
  "CECILL-2.1": "http://www.cecill.info/licences/Licence_CeCILL_V2.1-en.html",
  "CECILL-B": "http://www.cecill.info/licences/Licence_CeCILL-B_V1-en.html",
  "CECILL-C": "http://www.cecill.info/licences/Licence_CeCILL-C_V1-en.html",
  "CERN-OHL-1.1": "https://www.ohwr.org/project/licenses/wikis/cern-ohl-v1.1",
  "CERN-OHL-1.2": "https://www.ohwr.org/project/licenses/wikis/cern-ohl-v1.2",
  "CNRI-Jython": "http://www.jython.org/license.html",
  "CNRI-Python": "https://opensource.org/licenses/CNRI-Python",
  "CNRI-Python-GPL-Compatible": "http://www.python.org/download/releases/1.6.1/download_win/",
  "CPAL-1.0": "https://opensource.org/licenses/CPAL-1.0",
  "CPL-1.0": "https://opensource.org/licenses/CPL-1.0",
  "CPOL-1.02": "http://www.codeproject.com/info/cpol10.aspx",
  "CUA-OPL-1.0": "https://opensource.org/licenses/CUA-OPL-1.0",
  "Caldera": "http://www.lemis.com/grog/UNIX/ancient-source-all.pdf",
  "ClArtistic": "http://gianluca.dellavedova.org/2011/01/03/clarified-artistic-license/",
  "Condor-1.1": "http://research.cs.wisc.edu/condor/license.html#condor",
  "Crossword": "https://fedoraproject.org/wiki/Licensing/Crossword",
  "CrystalStacker": "https://fedoraproject.org/wiki/Licensing:CrystalStacker?rd=Licensing/CrystalStacker",
  "Cube": "https://fedoraproject.org/wiki/Licensing/Cube",
  "D-FSL-1.0": "http://www.dipp.nrw.de/d-fsl/lizenzen/",
  "DOC": "http://www.cs.wustl.edu/~schmidt/ACE-copying.html",
  "DSDP": "https://fedoraproject.org/wiki/Licensing/DSDP",
  "Dotseqn": "https://fedoraproject.org/wiki/Licensing/Dotseqn",
  "ECL-1.0": "https://opensource.org/licenses/ECL-1.0",
  "ECL-2.0": "https://opensource.org/licenses/ECL-2.0",
  "EFL-1.0": "http://www.eiffel-nice.org/license/forum.txt",
  "EFL-2.0": "http://www.eiffel-nice.org/license/eiffel-forum-license-2.html",
  "EPL-1.0": "http://www.eclipse.org/legal/epl-v10.html",
  "EPL-2.0": "https://www.eclipse.org/legal/epl-2.0",
  "EUDatagrid": "http://eu-datagrid.web.cern.ch/eu-datagrid/license.html",
  "EUPL-1.0": "http://ec.europa.eu/idabc/en/document/7330.html",
  "EUPL-1.1": "https://joinup.ec.europa.eu/software/page/eupl/licence-eupl",
  "EUPL-1.2": "https://joinup.ec.europa.eu/page/eupl-text-11-12",
  "Entessa": "https://opensource.org/licenses/Entessa",
  "ErlPL-1.1": "http://www.erlang.org/EPLICENSE",
  "Eurosym": "https://fedoraproject.org/wiki/Licensing/Eurosym",
  "FSFAP": "https://www.gnu.org/prep/maintain/html_node/License-Notices-for-Other-Files.html",
  "FSFUL": "https://fedoraproject.org/wiki/Licensing/FSF_Unlimited_License",
  "FSFULLR": "https://fedoraproject.org/wiki/Licensing/FSF_Unlimited_License#License_Retention_Variant",
  "FTL": "http://freetype.fis.uniroma2.it/FTL.TXT",
  "Fair": "http://fairlicense.org/",
  "Frameworx-1.0": "https://opensource.org/licenses/Frameworx-1.0",
  "FreeImage": "http://freeimage.sourceforge.net/freeimage-license.txt",
  "GFDL-1.1": "https://www.gnu.org/licenses/old-licenses/fdl-1.1.txt",
  "GFDL-1.1-only": "https://www.gnu.org/licenses/old-licenses/fdl-1.1.txt",
  "GFDL-1.1-or-later": "https://www.gnu.org/licenses/old-licenses/fdl-1.1.txt",
  "GFDL-1.2": "https://www.gnu.org/licenses/old-licenses/fdl-1.2.txt",
  "GFDL-1.2-only": "https://www.gnu.org/licenses/old-licenses/fdl-1.2.txt",
  "GFDL-1.2-or-later": "https://www.gnu.org/licenses/old-licenses/fdl-1.2.txt",
  "GFDL-1.3": "https://www.gnu.org/licenses/fdl-1.3.txt",
  "GFDL-1.3-only": "https://www.gnu.org/licenses/fdl-1.3.txt",
  "GFDL-1.3-or-later": "https://www.gnu.org/licenses/fdl-1.3.txt",
  "GL2PS": "http://www.geuz.org/gl2ps/COPYING.GL2PS",
  "GPL-1.0": "https://www.gnu.org/licenses/old-licenses/gpl-1.0-standalone.html",
  "GPL-1.0+": "https://www.gnu.org/licenses/old-licenses/gpl-1.0-standalone.html",
  "GPL-1.0-only": "https://www.gnu.org/licenses/old-licenses/gpl-1.0-standalone.html",
  "GPL-1.0-or-later": "https://www.gnu.org/licenses/old-licenses/gpl-1.0-standalone.html",
  "GPL-2.0": "https://www.gnu.org/licenses/old-licenses/gpl-2.0-standalone.html",
  "GPL-2.0+": "https://www.gnu.org/licenses/old-licenses/gpl-2.0-standalone.html",
  "GPL-2.0-only": "https://www.gnu.org/licenses/old-licenses/gpl-2.0-standalone.html",
  "GPL-2.0-or-later": "https://www.gnu.org/licenses/old-licenses/gpl-2.0-standalone.html",
  "GPL-2.0-with-GCC-exception": "https://gcc.gnu.org/git/?p=gcc.git;a=blob;f=gcc/libgcc1.c;h=762f5143fc6eed57b6797c82710f3538aa52b40b;hb=cb143a3ce4fb417c68f5fa2691a1b1b1053dfba9#l10",
  "GPL-2.0-with-autoconf-exception": "http://ac-archive.sourceforge.net/doc/copyright.html",
  "GPL-2.0-with-bison-exception": "http://git.savannah.gnu.org/cgit/bison.git/tree/data/yacc.c?id=193d7c7054ba7197b0789e14965b739162319b5e#n141",
  "GPL-2.0-with-classpath-exception": "https://www.gnu.org/software/classpath/license.html",
  "GPL-2.0-with-font-exception": "https://www.gnu.org/licenses/gpl-faq.html#FontException",
  "GPL-3.0": "https://www.gnu.org/licenses/gpl-3.0-standalone.html",
  "GPL-3.0+": "https://www.gnu.org/licenses/gpl-3.0-standalone.html",
  "GPL-3.0-only": "https://www.gnu.org/licenses/gpl-3.0-standalone.html",
  "GPL-3.0-or-later": "https://www.gnu.org/licenses/gpl-3.0-standalone.html",
  "GPL-3.0-with-GCC-exception": "https://www.gnu.org/licenses/gcc-exception-3.1.html",
  "GPL-3.0-with-autoconf-exception": "https://www.gnu.org/licenses/autoconf-exception-3.0.html",
  "Giftware": "http://liballeg.org/license.html#allegro-4-the-giftware-license",
  "Glide": "http://www.users.on.net/~triforce/glidexp/COPYING.txt",
  "Glulxe": "https://fedoraproject.org/wiki/Licensing/Glulxe",
  "HPND": "https://opensource.org/licenses/HPND",
  "HPND-sell-variant": "https://git.kernel.org/pub/scm/linux/kernel/git/torvalds/linux.git/tree/net/sunrpc/auth_gss/gss_generic_token.c?h=v4.19",
  "HaskellReport": "https://fedoraproject.org/wiki/Licensing/Haskell_Language_Report_License",
  "IBM-pibs": "http://git.denx.de/?p=u-boot.git;a=blob;f=arch/powerpc/cpu/ppc4xx/miiphy.c;h=297155fdafa064b955e53e9832de93bfb0cfb85b;hb=9fab4bf4cc077c21e43941866f3f2c196f28670d",
  "ICU": "http://source.icu-project.org/repos/icu/icu/trunk/license.html",
  "IJG": "http://dev.w3.org/cvsweb/Amaya/libjpeg/Attic/README?rev=1.2",
  "IPA": "https://opensource.org/licenses/IPA",
  "IPL-1.0": "https://opensource.org/licenses/IPL-1.0",
  "ISC": "https://www.isc.org/downloads/software-support-policy/isc-license/",
  "ImageMagick": "http://www.imagemagick.org/script/license.php",
  "Imlib2": "http://trac.enlightenment.org/e/browser/trunk/imlib2/COPYING",
  "Info-ZIP": "http://www.info-zip.org/license.html",
  "Intel": "https://opensource.org/licenses/Intel",
  "Intel-ACPI": "https://fedoraproject.org/wiki/Licensing/Intel_ACPI_Software_License_Agreement",
  "Interbase-1.0": "https://web.archive.org/web/20060319014854/http://info.borland.com/devsupport/interbase/opensource/IPL.html",
  "JPNIC": "https://gitlab.isc.org/isc-projects/bind9/blob/master/COPYRIGHT#L366",
  "JSON": "http://www.json.org/license.html",
  "JasPer-2.0": "http://www.ece.uvic.ca/~mdadams/jasper/LICENSE",
  "LAL-1.2": "http://artlibre.org/licence/lal/licence-art-libre-12/",
  "LAL-1.3": "https://artlibre.org/",
  "LGPL-2.0": "https://www.gnu.org/licenses/old-licenses/lgpl-2.0-standalone.html",
  "LGPL-2.0+": "https://www.gnu.org/licenses/old-licenses/lgpl-2.0-standalone.html",
  "LGPL-2.0-only": "https://www.gnu.org/licenses/old-licenses/lgpl-2.0-standalone.html",
  "LGPL-2.0-or-later": "https://www.gnu.org/licenses/old-licenses/lgpl-2.0-standalone.html",
  "LGPL-2.1": "https://www.gnu.org/licenses/old-licenses/lgpl-2.1-standalone.html",
  "LGPL-2.1+": "https://www.gnu.org/licenses/old-licenses/lgpl-2.1-standalone.html",
  "LGPL-2.1-only": "https://www.gnu.org/licenses/old-licenses/lgpl-2.1-standalone.html",
  "LGPL-2.1-or-later": "https://www.gnu.org/licenses/old-licenses/lgpl-2.1-standalone.html",
  "LGPL-3.0": "https://www.gnu.org/licenses/lgpl-3.0-standalone.html",
  "LGPL-3.0+": "https://www.gnu.org/licenses/lgpl-3.0-standalone.html",
  "LGPL-3.0-only": "https://www.gnu.org/licenses/lgpl-3.0-standalone.html",
  "LGPL-3.0-or-later": "https://www.gnu.org/licenses/lgpl-3.0-standalone.html",
  "LGPLLR": "http://www-igm.univ-mlv.fr/~unitex/lgpllr.html",
  "LPL-1.0": "https://opensource.org/licenses/LPL-1.0",
  "LPL-1.02": "http://plan9.bell-labs.com/plan9/license.html",
  "LPPL-1.0": "http://www.latex-project.org/lppl/lppl-1-0.txt",
  "LPPL-1.1": "http://www.latex-project.org/lppl/lppl-1-1.txt",
  "LPPL-1.2": "http://www.latex-project.org/lppl/lppl-1-2.txt",
  "LPPL-1.3a": "http://www.latex-project.org/lppl/lppl-1-3a.txt",
  "LPPL-1.3c": "http://www.latex-project.org/lppl/lppl-1-3c.txt",
  "Latex2e": "https://fedoraproject.org/wiki/Licensing/Latex2e",
  "Leptonica": "https://fedoraproject.org/wiki/Licensing/Leptonica",
  "LiLiQ-P-1.1": "https://forge.gouv.qc.ca/licence/fr/liliq-v1-1/",
  "LiLiQ-R-1.1": "https://www.forge.gouv.qc.ca/participez/licence-logicielle/licence-libre-du-quebec-liliq-en-francais/licence-libre-du-quebec-reciprocite-liliq-r-v1-1/",
  "LiLiQ-Rplus-1.1": "https://www.forge.gouv.qc.ca/participez/licence-logicielle/licence-libre-du-quebec-liliq-en-francais/licence-libre-du-quebec-reciprocite-forte-liliq-r-v1-1/",
  "Libpng": "http://www.libpng.org/pub/png/src/libpng-LICENSE.txt",
  "Linux-OpenIB": "https://git.kernel.org/pub/scm/linux/kernel/git/torvalds/linux.git/tree/drivers/infiniband/core/sa.h",
  "MIT": "https://opensource.org/licenses/MIT",
  "MIT-0": "https://github.com/aws/mit-0",
  "MIT-CMU": "https://fedoraproject.org/wiki/Licensing:MIT?rd=Licensing/MIT#CMU_Style",
  "MIT-advertising": "https://fedoraproject.org/wiki/Licensing/MIT_With_Advertising",
  "MIT-enna": "https://fedoraproject.org/wiki/Licensing/MIT#enna",
  "MIT-feh": "https://fedoraproject.org/wiki/Licensing/MIT#feh",
  "MITNFA": "https://fedoraproject.org/wiki/Licensing/MITNFA",
  "MPL-1.0": "http://www.mozilla.org/MPL/MPL-1.0.html",
  "MPL-1.1": "http://www.mozilla.org/MPL/MPL-1.1.html",
  "MPL-2.0": "http://www.mozilla.org/MPL/2.0/",
  "MPL-2.0-no-copyleft-exception": "http://www.mozilla.org/MPL/2.0/",
  "MS-PL": "http://www.microsoft.com/opensource/licenses.mspx",
  "MS-RL": "http://www.microsoft.com/opensource/licenses.mspx",
  "MTLL": "https://fedoraproject.org/wiki/Licensing/Matrix_Template_Library_License",
  "MakeIndex": "https://fedoraproject.org/wiki/Licensing/MakeIndex",
  "MirOS": "https://opensource.org/licenses/MirOS",
  "Motosoto": "https://opensource.org/licenses/Motosoto",
  "Multics": "https://opensource.org/licenses/Multics",
  "Mup": "https://fedoraproject.org/wiki/Licensing/Mup",
  "NASA-1.3": "http://ti.arc.nasa.gov/opensource/nosa/",
  "NBPL-1.0": "http://www.openldap.org/devel/gitweb.cgi?p=openldap.git;a=blob;f=LICENSE;hb=37b4b3f6cc4bf34e1d3dec61e69914b9819d8894",
  "NCSA": "http://otm.illinois.edu/uiuc_openSource",
  "NGPL": "https://opensource.org/licenses/NGPL",
  "NLOD-1.0": "http://data.norge.no/nlod/en/1.0",
  "NLPL": "https://fedoraproject.org/wiki/Licensing/NLPL",
  "NOSL": "http://bits.netizen.com.au/licenses/NOSL/nosl.txt",
  "NPL-1.0": "http://www.mozilla.org/MPL/NPL/1.0/",
  "NPL-1.1": "http://www.mozilla.org/MPL/NPL/1.1/",
  "NPOSL-3.0": "https://opensource.org/licenses/NOSL3.0",
  "NRL": "http://web.mit.edu/network/isakmp/nrllicense.html",
  "NTP": "https://opensource.org/licenses/NTP",
  "Naumen": "https://opensource.org/licenses/Naumen",
  "Net-SNMP": "http://net-snmp.sourceforge.net/about/license.html",
  "NetCDF": "http://www.unidata.ucar.edu/software/netcdf/copyright.html",
  "Newsletr": "https://fedoraproject.org/wiki/Licensing/Newsletr",
  "Nokia": "https://opensource.org/licenses/nokia",
  "Noweb": "https://fedoraproject.org/wiki/Licensing/Noweb",
  "Nunit": "https://fedoraproject.org/wiki/Licensing/Nunit",
  "OCCT-PL": "http://www.opencascade.com/content/occt-public-license",
  "OCLC-2.0": "http://www.oclc.org/research/activities/software/license/v2final.htm",
  "ODC-By-1.0": "https://opendatacommons.org/licenses/by/1.0/",
  "ODbL-1.0": "http://www.opendatacommons.org/licenses/odbl/1.0/",
  "OFL-1.0": "http://scripts.sil.org/cms/scripts/page.php?item_id=OFL10_web",
  "OFL-1.1": "http://scripts.sil.org/cms/scripts/page.php?item_id=OFL_web",
  "OGL-Canada-2.0": "https://open.canada.ca/en/open-government-licence-canada",
  "OGL-UK-1.0": "http://www.nationalarchives.gov.uk/doc/open-government-licence/version/1/",
  "OGL-UK-2.0": "http://www.nationalarchives.gov.uk/doc/open-government-licence/version/2/",
  "OGL-UK-3.0": "http://www.nationalarchives.gov.uk/doc/open-government-licence/version/3/",
  "OGTSL": "http://www.opengroup.org/testing/downloads/The_Open_Group_TSL.txt",
  "OLDAP-1.1": "http://www.openldap.org/devel/gitweb.cgi?p=openldap.git;a=blob;f=LICENSE;hb=806557a5ad59804ef3a44d5abfbe91d706b0791f",
  "OLDAP-1.2": "http://www.openldap.org/devel/gitweb.cgi?p=openldap.git;a=blob;f=LICENSE;hb=42b0383c50c299977b5893ee695cf4e486fb0dc7",
  "OLDAP-1.3": "http://www.openldap.org/devel/gitweb.cgi?p=openldap.git;a=blob;f=LICENSE;hb=e5f8117f0ce088d0bd7a8e18ddf37eaa40eb09b1",
  "OLDAP-1.4": "http://www.openldap.org/devel/gitweb.cgi?p=openldap.git;a=blob;f=LICENSE;hb=c9f95c2f3f2ffb5e0ae55fe7388af75547660941",
  "OLDAP-2.0": "http://www.openldap.org/devel/gitweb.cgi?p=openldap.git;a=blob;f=LICENSE;hb=cbf50f4e1185a21abd4c0a54d3f4341fe28f36ea",
  "OLDAP-2.0.1": "http://www.openldap.org/devel/gitweb.cgi?p=openldap.git;a=blob;f=LICENSE;hb=b6d68acd14e51ca3aab4428bf26522aa74873f0e",
  "OLDAP-2.1": "http://www.openldap.org/devel/gitweb.cgi?p=openldap.git;a=blob;f=LICENSE;hb=b0d176738e96a0d3b9f85cb51e140a86f21be715",
  "OLDAP-2.2": "http://www.openldap.org/devel/gitweb.cgi?p=openldap.git;a=blob;f=LICENSE;hb=470b0c18ec67621c85881b2733057fecf4a1acc3",
  "OLDAP-2.2.1": "http://www.openldap.org/devel/gitweb.cgi?p=openldap.git;a=blob;f=LICENSE;hb=4bc786f34b50aa301be6f5600f58a980070f481e",
  "OLDAP-2.2.2": "http://www.openldap.org/devel/gitweb.cgi?p=openldap.git;a=blob;f=LICENSE;hb=df2cc1e21eb7c160695f5b7cffd6296c151ba188",
  "OLDAP-2.3": "http://www.openldap.org/devel/gitweb.cgi?p=openldap.git;a=blob;f=LICENSE;hb=d32cf54a32d581ab475d23c810b0a7fbaf8d63c3",
  "OLDAP-2.4": "http://www.openldap.org/devel/gitweb.cgi?p=openldap.git;a=blob;f=LICENSE;hb=cd1284c4a91a8a380d904eee68d1583f989ed386",
  "OLDAP-2.5": "http://www.openldap.org/devel/gitweb.cgi?p=openldap.git;a=blob;f=LICENSE;hb=6852b9d90022e8593c98205413380536b1b5a7cf",
  "OLDAP-2.6": "http://www.openldap.org/devel/gitweb.cgi?p=openldap.git;a=blob;f=LICENSE;hb=1cae062821881f41b73012ba816434897abf4205",
  "OLDAP-2.7": "http://www.openldap.org/devel/gitweb.cgi?p=openldap.git;a=blob;f=LICENSE;hb=47c2415c1df81556eeb39be6cad458ef87c534a2",
  "OLDAP-2.8": "http://www.openldap.org/software/release/license.html",
  "OML": "https://fedoraproject.org/wiki/Licensing/Open_Market_License",
  "OPL-1.0": "http://old.koalateam.com/jackaroo/OPL_1_0.TXT",
  "OSET-PL-2.1": "http://www.osetfoundation.org/public-license",
  "OSL-1.0": "https://opensource.org/licenses/OSL-1.0",
  "OSL-1.1": "https://fedoraproject.org/wiki/Licensing/OSL1.1",
  "OSL-2.0": "http://web.archive.org/web/20041020171434/http://www.rosenlaw.com/osl2.0.html",
  "OSL-2.1": "http://web.archive.org/web/20050212003940/http://www.rosenlaw.com/osl21.htm",
  "OSL-3.0": "https://web.archive.org/web/20120101081418/http://rosenlaw.com:80/OSL3.0.htm",
  "OpenSSL": "http://www.openssl.org/source/license.html",
  "PDDL-1.0": "http://opendatacommons.org/licenses/pddl/1.0/",
  "PHP-3.0": "http://www.php.net/license/3_0.txt",
  "PHP-3.01": "http://www.php.net/license/3_01.txt",
  "Parity-6.0.0": "https://paritylicense.com/versions/6.0.0.html",
  "Plexus": "https://fedoraproject.org/wiki/Licensing/Plexus_Classworlds_License",
  "PostgreSQL": "http://www.postgresql.org/about/licence",
  "Python-2.0": "https://opensource.org/licenses/Python-2.0",
  "QPL-1.0": "http://doc.qt.nokia.com/3.3/license.html",
  "Qhull": "https://fedoraproject.org/wiki/Licensing/Qhull",
  "RHeCos-1.1": "http://ecos.sourceware.org/old-license.html",
  "RPL-1.1": "https://opensource.org/licenses/RPL-1.1",
  "RPL-1.5": "https://opensource.org/licenses/RPL-1.5",
  "RPSL-1.0": "https://helixcommunity.org/content/rpsl",
  "RSA-MD": "http://www.faqs.org/rfcs/rfc1321.html",
  "RSCPL": "http://wayback.archive.org/web/20060715140826/http://www.risource.org/RPL/RPL-1.0A.shtml",
  "Rdisc": "https://fedoraproject.org/wiki/Licensing/Rdisc_License",
  "Ruby": "http://www.ruby-lang.org/en/LICENSE.txt",
  "SAX-PD": "http://www.saxproject.org/copying.html",
  "SCEA": "http://research.scea.com/scea_shared_source_license.html",
  "SGI-B-1.0": "http://oss.sgi.com/projects/FreeB/SGIFreeSWLicB.1.0.html",
  "SGI-B-1.1": "http://oss.sgi.com/projects/FreeB/",
  "SGI-B-2.0": "http://oss.sgi.com/projects/FreeB/SGIFreeSWLicB.2.0.pdf",
  "SHL-0.5": "https://solderpad.org/licenses/SHL-0.5/",
  "SHL-0.51": "https://solderpad.org/licenses/SHL-0.51/",
  "SISSL": "http://www.openoffice.org/licenses/sissl_license.html",
  "SISSL-1.2": "http://gridscheduler.sourceforge.net/Gridengine_SISSL_license.html",
  "SMLNJ": "https://www.smlnj.org/license.html",
  "SMPPL": "https://github.com/dcblake/SMP/blob/master/Documentation/License.txt",
  "SNIA": "https://fedoraproject.org/wiki/Licensing/SNIA_Public_License",
  "SPL-1.0": "https://opensource.org/licenses/SPL-1.0",
  "SSH-OpenSSH": "https://github.com/openssh/openssh-portable/blob/1b11ea7c58cd5c59838b5fa574cd456d6047b2d4/LICENCE#L10",
  "SSH-short": "https://github.com/openssh/openssh-portable/blob/1b11ea7c58cd5c59838b5fa574cd456d6047b2d4/pathnames.h",
  "SSPL-1.0": "https://www.mongodb.com/licensing/server-side-public-license",
  "SWL": "https://fedoraproject.org/wiki/Licensing/SWL",
  "Saxpath": "https://fedoraproject.org/wiki/Licensing/Saxpath_License",
  "Sendmail": "http://www.sendmail.com/pdfs/open_source/sendmail_license.pdf",
  "Sendmail-8.23": "https://www.proofpoint.com/sites/default/files/sendmail-license.pdf",
  "SimPL-2.0": "https://opensource.org/licenses/SimPL-2.0",
  "Sleepycat": "https://opensource.org/licenses/Sleepycat",
  "Spencer-86": "https://fedoraproject.org/wiki/Licensing/Henry_Spencer_Reg-Ex_Library_License",
  "Spencer-94": "https://fedoraproject.org/wiki/Licensing/Henry_Spencer_Reg-Ex_Library_License",
  "Spencer-99": "http://www.opensource.apple.com/source/tcl/tcl-5/tcl/generic/regfronts.c",
  "StandardML-NJ": "http://www.smlnj.org//license.html",
  "SugarCRM-1.1.3": "http://www.sugarcrm.com/crm/SPL",
  "TAPR-OHL-1.0": "https://www.tapr.org/OHL",
  "TCL": "http://www.tcl.tk/software/tcltk/license.html",
  "TCP-wrappers": "http://rc.quest.com/topics/openssh/license.php#tcpwrappers",
  "TMate": "http://svnkit.com/license.html",
  "TORQUE-1.1": "https://fedoraproject.org/wiki/Licensing/TORQUEv1.1",
  "TOSL": "https://fedoraproject.org/wiki/Licensing/TOSL",
  "TU-Berlin-1.0": "https://github.com/swh/ladspa/blob/7bf6f3799fdba70fda297c2d8fd9f526803d9680/gsm/COPYRIGHT",
  "TU-Berlin-2.0": "https://github.com/CorsixTH/deps/blob/fd339a9f526d1d9c9f01ccf39e438a015da50035/licences/libgsm.txt",
  "UCL-1.0": "https://opensource.org/licenses/UCL-1.0",
  "UPL-1.0": "https://opensource.org/licenses/UPL",
  "Unicode-DFS-2015": "https://web.archive.org/web/20151224134844/http://unicode.org/copyright.html",
  "Unicode-DFS-2016": "http://www.unicode.org/copyright.html",
  "Unicode-TOU": "http://www.unicode.org/copyright.html",
  "Unlicense": "https://unlicense.org/",
  "VOSTROM": "https://fedoraproject.org/wiki/Licensing/VOSTROM",
  "VSL-1.0": "https://opensource.org/licenses/VSL-1.0",
  "Vim": "http://vimdoc.sourceforge.net/htmldoc/uganda.html",
  "W3C": "http://www.w3.org/Consortium/Legal/2002/copyright-software-20021231.html",
  "W3C-19980720": "http://www.w3.org/Consortium/Legal/copyright-software-19980720.html",
  "W3C-20150513": "https://www.w3.org/Consortium/Legal/2015/copyright-software-and-document",
  "WTFPL": "http://sam.zoy.org/wtfpl/COPYING",
  "Watcom-1.0": "https://opensource.org/licenses/Watcom-1.0",
  "Wsuipa": "https://fedoraproject.org/wiki/Licensing/Wsuipa",
  "X11": "http://www.xfree86.org/3.3.6/COPYRIGHT2.html#3",
  "XFree86-1.1": "http://www.xfree86.org/current/LICENSE4.html",
  "XSkat": "https://fedoraproject.org/wiki/Licensing/XSkat_License",
  "Xerox": "https://fedoraproject.org/wiki/Licensing/Xerox",
  "Xnet": "https://opensource.org/licenses/Xnet",
  "YPL-1.0": "http://www.zimbra.com/license/yahoo_public_license_1.0.html",
  "YPL-1.1": "http://www.zimbra.com/license/yahoo_public_license_1.1.html",
  "ZPL-1.1": "http://old.zope.org/Resources/License/ZPL-1.1",
  "ZPL-2.0": "http://old.zope.org/Resources/License/ZPL-2.0",
  "ZPL-2.1": "http://old.zope.org/Resources/ZPL/",
  "Zed": "https://fedoraproject.org/wiki/Licensing/Zed",
  "Zend-2.0": "https://web.archive.org/web/20130517195954/http://www.zend.com/license/2_00.txt",
  "Zimbra-1.3": "http://web.archive.org/web/20100302225219/http://www.zimbra.com/license/zimbra-public-license-1-3.html",
  "Zimbra-1.4": "http://www.zimbra.com/legal/zimbra-public-license-1-4",
  "Zlib": "http://www.zlib.net/zlib_license.html",
  "blessing": "https://www.sqlite.org/src/artifact/e33a4df7e32d742a?ln=4-9",
  "bzip2-1.0.5": "http://bzip.org/1.0.5/bzip2-manual-1.0.5.html",
  "bzip2-1.0.6": "https://github.com/asimonov-im/bzip2/blob/master/LICENSE",
  "copyleft-next-0.3.0": "https://github.com/copyleft-next/copyleft-next/blob/master/Releases/copyleft-next-0.3.0",
  "copyleft-next-0.3.1": "https://github.com/copyleft-next/copyleft-next/blob/master/Releases/copyleft-next-0.3.1",
  "curl": "https://github.com/bagder/curl/blob/master/COPYING",
  "diffmark": "https://fedoraproject.org/wiki/Licensing/diffmark",
  "dvipdfm": "https://fedoraproject.org/wiki/Licensing/dvipdfm",
  "eCos-2.0": "https://www.gnu.org/licenses/ecos-license.html",
  "eGenix": "http://www.egenix.com/products/eGenix.com-Public-License-1.1.0.pdf",
  "etalab-2.0": "https://github.com/DISIC/politique-de-contribution-open-source/blob/master/LICENSE.pdf",
  "gSOAP-1.3b": "http://www.cs.fsu.edu/~engelen/license.html",
  "gnuplot": "https://fedoraproject.org/wiki/Licensing/Gnuplot",
  "iMatix": "http://legacy.imatix.com/html/sfl/sfl4.htm#license",
  "libpng-2.0": "http://www.libpng.org/pub/png/src/libpng-LICENSE.txt",
  "libtiff": "https://fedoraproject.org/wiki/Licensing/libtiff",
  "mpich2": "https://fedoraproject.org/wiki/Licensing/MIT",
  "psfrag": "https://fedoraproject.org/wiki/Licensing/psfrag",
  "psutils": "https://fedoraproject.org/wiki/Licensing/psutils",
  "wxWindows": "https://opensource.org/licenses/WXwindows",
  "xinetd": "https://fedoraproject.org/wiki/Licensing/Xinetd_License",
  "xpp": "https://fedoraproject.org/wiki/Licensing/xpp",
  "zlib-acknowledgement": "https://fedoraproject.org/wiki/Licensing/ZlibWithAcknowledgement"
}]
