{
  "defaultSeverity": "warning",
  "linterOptions": {
    "exclude": [
      "node_modules/**",
      "src/components/**",
      "src/views/**"
    ]
  },
  "rules": {
    "quotemark": false,
    "indent": [true, "spaces", 2],
    "interface-name": false,
    "ordered-imports": false,
    "object-literal-sort-keys": false,
    "no-consecutive-blank-lines": false,
    "no-console": false,
    "strictFunctionTypes": false,
    "no-var-requires": false,
    "semicolon": false,
    "prefer-const": false,
    "trailing-comma": false,
    "whitespace": false,
    "typedef-whitespace": false,
    "triple-equals": false,
    "object-literal-key-quotes": false,
    "check-else": false,
    "object-literal-shorthand": false,
    "max-line-length": false,
    "one-line": false
  },
  "strictFunctionTypes": false
}
