{"Document Information": {"DataLicense": "CC0-1.0", "SPDXID": "SPDXRef-DOCUMENT", "DocumentNamespace": "sqlite:////home/sean/.config/dosocs2/dosocs2.sqlite3/activeresource-2ebd0530-a8b9-4ae2-8dda-105ad05b87be", "DocumentName": "activeresource", "DocumentComment": "", "LicenseListVersion": " 2.2"}, "Creation Information": {"Creator": "Tool: dosocs2-0.16.1", "Created": "2019-10-29T19:56:49Z", "CreatorComment": ""}, "Package Information": {"PackageName": "activeresource", "SPDXID": "SPDXRef-package-activeresource-de33-d0a475ef", "PackageFileName": "activeresource", "PackageDownloadLocation": "/home/sean/git-repos/20/github.com/rails/activeresource", "PackageVerificationCode": "de3348b634f417851018432fb50a19573858ff49", "PackageHomePage": "NOASSERTION", "PackageLicenseConcluded": "NOASSERTION", "PackageLicenseDeclared": "NOASSERTION", "PackageLicenseInfoFromFiles": "MIT", "PackageCopyrightText": "NOASSERTION"}, "File Information": {"File 0": {"FileName": "./.git/FETCH_HEAD", "SPDXID": "SPDXRef-file-FETCH_HEAD-f859-cbd00044", "FileType": "OTHER", "FileChecksum": "SHA256: f859e71ebd022e526dd575324d0580e0c4efd17b67066426c91b045d4bfad0dd", "LicenseConcluded": "NOASSERTION", "LicenseInfoInFile": "NOASSERTION", "LicenseComments": "", "FileCopyrightText": "NOASSERTION", "FileComment": "", "FileNotice": "", "File Relationship": "SPDXRef-file-FETCH_HEAD-f859-cbd00044 CONTAINED_BY SPDXRef-package-activeresource-de33-d0a475ef"}, "File 1": {"FileName": "./.git/HEAD", "SPDXID": "SPDXRef-file-HEAD-f6f2-78b3abcb", "FileType": "OTHER", "FileChecksum": "SHA256: f6f2b945f6c411b02ba3da9c7ace88dcf71b6af65ba2e0d89aa82900042b5a10", "LicenseConcluded": "NOASSERTION", "LicenseInfoInFile": "NOASSERTION", "LicenseComments": "", "FileCopyrightText": "NOASSERTION", "FileComment": "", "FileNotice": "", "File Relationship": "SPDXRef-file-HEAD-f6f2-78b3abcb CONTAINED_BY SPDXRef-package-activeresource-de33-d0a475ef"}, "File 2": {"FileName": "./.git/ORIG_HEAD", "SPDXID": "SPDXRef-file-ORIG_HEAD-336b-85545111", "FileType": "OTHER", "FileChecksum": "SHA256: 336bf03e899a72dbaf242f0e5fa8025c1d20e1e493ba4913aff0b828e9c69f38", "LicenseConcluded": "NOASSERTION", "LicenseInfoInFile": "NOASSERTION", "LicenseComments": "", "FileCopyrightText": "NOASSERTION", "FileComment": "", "FileNotice": "", "File Relationship": "SPDXRef-file-ORIG_HEAD-336b-85545111 CONTAINED_BY SPDXRef-package-activeresource-de33-d0a475ef"}, "File 3": {"FileName": "./.git/config", "SPDXID": "SPDXRef-file-config-30cc-9f4e8662", "FileType": "OTHER", "FileChecksum": "SHA256: 30cc747ed59be89e3181f69bc0729afcdf58ec063861bd0bf54a36b5d9f669c2", "LicenseConcluded": "NOASSERTION", "LicenseInfoInFile": "NOASSERTION", "LicenseComments": "", "FileCopyrightText": "NOASSERTION", "FileComment": "", "FileNotice": "", "File Relationship": "SPDXRef-file-config-30cc-9f4e8662 CONTAINED_BY SPDXRef-package-activeresource-de33-d0a475ef"}, "File 4": {"FileName": "./.git/description", "SPDXID": "SPDXRef-file-description-85ab-be58635d", "FileType": "OTHER", "FileChecksum": "SHA256: 85ab6c163d43a17ea9cf7788308bca1466f1b0a8d1cc92e26e9bf63da4062aee", "LicenseConcluded": "NOASSERTION", "LicenseInfoInFile": "NOASSERTION", "LicenseComments": "", "FileCopyrightText": "NOASSERTION", "FileComment": "", "FileNotice": "", "File Relationship": "SPDXRef-file-description-85ab-be58635d CONTAINED_BY SPDXRef-package-activeresource-de33-d0a475ef"}, "File 5": {"FileName": "./.git/hooks/applypatch-msg.sample", "SPDXID": "SPDXRef-file-applypatch_msg_sampl-0223-5c5621f2", "FileType": "SOURCE", "FileChecksum": "SHA256: 0223497a0b8b033aa58a3a521b8629869386cf7ab0e2f101963d328aa62193f7", "LicenseConcluded": "NOASSERTION", "LicenseInfoInFile": "NOASSERTION", "LicenseComments": "", "FileCopyrightText": "NOASSERTION", "FileComment": "", "FileNotice": "", "File Relationship": "SPDXRef-file-applypatch_msg_sampl-0223-5c5621f2 CONTAINED_BY SPDXRef-package-activeresource-de33-d0a475ef"}, "File 6": {"FileName": "./.git/hooks/commit-msg.sample", "SPDXID": "SPDXRef-file-commit_msg_sample-1f74-cfa8ea67", "FileType": "SOURCE", "FileChecksum": "SHA256: 1f74d5e9292979b573ebd59741d46cb93ff391acdd083d340b94370753d92437", "LicenseConcluded": "NOASSERTION", "LicenseInfoInFile": "NOASSERTION", "LicenseComments": "", "FileCopyrightText": "NOASSERTION", "FileComment": "", "FileNotice": "", "File Relationship": "SPDXRef-file-commit_msg_sample-1f74-cfa8ea67 CONTAINED_BY SPDXRef-package-activeresource-de33-d0a475ef"}, "File 7": {"FileName": "./.git/hooks/fsmonitor-watchman.sample", "SPDXID": "SPDXRef-file-fsmonitor_watchman_s-7f9c-b3e3d942", "FileType": "SOURCE", "FileChecksum": "SHA256: 7f9cacf1f7c8f791abfaa76171b951a55a9a2a11f1390b43cbc83995b4a91b33", "LicenseConcluded": "NOASSERTION", "LicenseInfoInFile": "NOASSERTION", "LicenseComments": "", "FileCopyrightText": "NOASSERTION", "FileComment": "", "FileNotice": "", "File Relationship": "SPDXRef-file-fsmonitor_watchman_s-7f9c-b3e3d942 CONTAINED_BY SPDXRef-package-activeresource-de33-d0a475ef"}, "File 8": {"FileName": "./.git/hooks/post-update.sample", "SPDXID": "SPDXRef-file-post_update_sample-8176-3d610d04", "FileType": "SOURCE", "FileChecksum": "SHA256: 81765af2daef323061dcbc5e61fc16481cb74b3bac9ad8a174b186523586f6c5", "LicenseConcluded": "NOASSERTION", "LicenseInfoInFile": "NOASSERTION", "LicenseComments": "", "FileCopyrightText": "NOASSERTION", "FileComment": "", "FileNotice": "", "File Relationship": "SPDXRef-file-post_update_sample-8176-3d610d04 CONTAINED_BY SPDXRef-package-activeresource-de33-d0a475ef"}, "File 9": {"FileName": "./.git/hooks/pre-applypatch.sample", "SPDXID": "SPDXRef-file-pre_applypatch_sampl-e15c-fb2755bd", "FileType": "SOURCE", "FileChecksum": "SHA256: e15c5b469ea3e0a695bea6f2c82bcf8e62821074939ddd85b77e0007ff165475", "LicenseConcluded": "NOASSERTION", "LicenseInfoInFile": "NOASSERTION", "LicenseComments": "", "FileCopyrightText": "NOASSERTION", "FileComment": "", "FileNotice": "", "File Relationship": "SPDXRef-file-pre_applypatch_sampl-e15c-fb2755bd CONTAINED_BY SPDXRef-package-activeresource-de33-d0a475ef"}, "File 10": {"FileName": "./.git/hooks/pre-commit.sample", "SPDXID": "SPDXRef-file-pre_commit_sample-d6d1-d704db00", "FileType": "SOURCE", "FileChecksum": "SHA256: d6d114e507a3295ff3a2e214611c2f5c0d13eaf0ed53f595ba02e4cc714fca18", "LicenseConcluded": "NOASSERTION", "LicenseInfoInFile": "NOASSERTION", "LicenseComments": "", "FileCopyrightText": "NOASSERTION", "FileComment": "", "FileNotice": "", "File Relationship": "SPDXRef-file-pre_commit_sample-d6d1-d704db00 CONTAINED_BY SPDXRef-package-activeresource-de33-d0a475ef"}, "File 11": {"FileName": "./.git/hooks/pre-push.sample", "SPDXID": "SPDXRef-file-pre_push_sample-4b11-971cb1fc", "FileType": "SOURCE", "FileChecksum": "SHA256: 4b1119e1e13a212571976f4aee77847cdbd40978546d6273a557e238981a40d1", "LicenseConcluded": "NOASSERTION", "LicenseInfoInFile": "NOASSERTION", "LicenseComments": "", "FileCopyrightText": "NOASSERTION", "FileComment": "", "FileNotice": "", "File Relationship": "SPDXRef-file-pre_push_sample-4b11-971cb1fc CONTAINED_BY SPDXRef-package-activeresource-de33-d0a475ef"}, "File 12": {"FileName": "./.git/hooks/pre-rebase.sample", "SPDXID": "SPDXRef-file-pre_rebase_sample-4feb-5b952541", "FileType": "SOURCE", "FileChecksum": "SHA256: 4febce867790052338076f4e66cc47efb14879d18097d1d61c8261859eaaa7b3", "LicenseConcluded": "NOASSERTION", "LicenseInfoInFile": "NOASSERTION", "LicenseComments": "", "FileCopyrightText": "NOASSERTION", "FileComment": "", "FileNotice": "", "File Relationship": "SPDXRef-file-pre_rebase_sample-4feb-5b952541 CONTAINED_BY SPDXRef-package-activeresource-de33-d0a475ef"}, "File 13": {"FileName": "./.git/hooks/pre-receive.sample", "SPDXID": "SPDXRef-file-pre_receive_sample-a4c3-ecb93c67", "FileType": "SOURCE", "FileChecksum": "SHA256: a4c3d2b9c7bb3fd8d1441c31bd4ee71a595d66b44fcf49ddb310252320169989", "LicenseConcluded": "NOASSERTION", "LicenseInfoInFile": "NOASSERTION", "LicenseComments": "", "FileCopyrightText": "NOASSERTION", "FileComment": "", "FileNotice": "", "File Relationship": "SPDXRef-file-pre_receive_sample-a4c3-ecb93c67 CONTAINED_BY SPDXRef-package-activeresource-de33-d0a475ef"}, "File 14": {"FileName": "./.git/hooks/prepare-commit-msg.sample", "SPDXID": "SPDXRef-file-prepare_commit_msg_s-e9dd-e9ffbf99", "FileType": "SOURCE", "FileChecksum": "SHA256: e9ddcaa4189fddd25ed97fc8c789eca7b6ca16390b2392ae3276f0c8e1aa4619", "LicenseConcluded": "NOASSERTION", "LicenseInfoInFile": "NOASSERTION", "LicenseComments": "", "FileCopyrightText": "NOASSERTION", "FileComment": "", "FileNotice": "", "File Relationship": "SPDXRef-file-prepare_commit_msg_s-e9dd-e9ffbf99 CONTAINED_BY SPDXRef-package-activeresource-de33-d0a475ef"}, "File 15": {"FileName": "./.git/hooks/update.sample", "SPDXID": "SPDXRef-file-update_sample-751c-2c233399", "FileType": "SOURCE", "FileChecksum": "SHA256: 751c037320024ec2ee2757f3ffae0b10ad2c946367684e7059d4dc97eac7e431", "LicenseConcluded": "NOASSERTION", "LicenseInfoInFile": "NOASSERTION", "LicenseComments": "", "FileCopyrightText": "NOASSERTION", "FileComment": "", "FileNotice": "", "File Relationship": "SPDXRef-file-update_sample-751c-2c233399 CONTAINED_BY SPDXRef-package-activeresource-de33-d0a475ef"}, "File 16": {"FileName": "./.git/index", "SPDXID": "SPDXRef-file-index-2f2a-9cbd46c7", "FileType": "OTHER", "FileChecksum": "SHA256: 2f2a6eebd5c1f824d326d1ee2198f402850dbc43fb68c4e35cd68eac7c7b85c2", "LicenseConcluded": "NOASSERTION", "LicenseInfoInFile": "NOASSERTION", "LicenseComments": "", "FileCopyrightText": "NOASSERTION", "FileComment": "", "FileNotice": "", "File Relationship": "SPDXRef-file-index-2f2a-9cbd46c7 CONTAINED_BY SPDXRef-package-activeresource-de33-d0a475ef"}, "File 17": {"FileName": "./.git/info/exclude", "SPDXID": "SPDXRef-file-exclude-6671-e241a9c1", "FileType": "OTHER", "FileChecksum": "SHA256: 6671fe83b7a07c8932ee89164d1f2793b2318058eb8b98dc5c06ee0a5a3b0ec1", "LicenseConcluded": "NOASSERTION", "LicenseInfoInFile": "NOASSERTION", "LicenseComments": "", "FileCopyrightText": "NOASSERTION", "FileComment": "", "FileNotice": "", "File Relationship": "SPDXRef-file-exclude-6671-e241a9c1 CONTAINED_BY SPDXRef-package-activeresource-de33-d0a475ef"}, "File 18": {"FileName": "./.git/logs/HEAD", "SPDXID": "SPDXRef-file-HEAD-0cbc-069c3019", "FileType": "OTHER", "FileChecksum": "SHA256: 0cbc9fbbd29d28a62803ce8d54b385178ef9a6f4ec97f515c9943521f2c817e5", "LicenseConcluded": "NOASSERTION", "LicenseInfoInFile": "NOASSERTION", "LicenseComments": "", "FileCopyrightText": "NOASSERTION", "FileComment": "", "FileNotice": "", "File Relationship": "SPDXRef-file-HEAD-0cbc-069c3019 CONTAINED_BY SPDXRef-package-activeresource-de33-d0a475ef"}, "File 19": {"FileName": "./.git/logs/refs/heads/master", "SPDXID": "SPDXRef-file-master-0cbc-66a30a19", "FileType": "OTHER", "FileChecksum": "SHA256: 0cbc9fbbd29d28a62803ce8d54b385178ef9a6f4ec97f515c9943521f2c817e5", "LicenseConcluded": "NOASSERTION", "LicenseInfoInFile": "NOASSERTION", "LicenseComments": "", "FileCopyrightText": "NOASSERTION", "FileComment": "", "FileNotice": "", "File Relationship": "SPDXRef-file-master-0cbc-66a30a19 CONTAINED_BY SPDXRef-package-activeresource-de33-d0a475ef"}, "File 20": {"FileName": "./.git/logs/refs/remotes/origin/HEAD", "SPDXID": "SPDXRef-file-HEAD-ea78-47351808", "FileType": "OTHER", "FileChecksum": "SHA256: ea789448b406bcaafa40fb4a4a407be3e410878e5674943c6231edba9d66cadb", "LicenseConcluded": "NOASSERTION", "LicenseInfoInFile": "NOASSERTION", "LicenseComments": "", "FileCopyrightText": "NOASSERTION", "FileComment": "", "FileNotice": "", "File Relationship": "SPDXRef-file-HEAD-ea78-47351808 CONTAINED_BY SPDXRef-package-activeresource-de33-d0a475ef"}, "File 21": {"FileName": "./.git/logs/refs/remotes/origin/master", "SPDXID": "SPDXRef-file-master-51d0-4c9f9916", "FileType": "OTHER", "FileChecksum": "SHA256: 51d050dfbbfcd08572a76832fe8a13e524e5fcc1985fc538f62013f19aff8f0d", "LicenseConcluded": "NOASSERTION", "LicenseInfoInFile": "NOASSERTION", "LicenseComments": "", "FileCopyrightText": "NOASSERTION", "FileComment": "", "FileNotice": "", "File Relationship": "SPDXRef-file-master-51d0-4c9f9916 CONTAINED_BY SPDXRef-package-activeresource-de33-d0a475ef"}, "File 22": {"FileName": "./.git/objects/12/5570a41370200f741ed160c520b95b9f9ee1a7", "SPDXID": "SPDXRef-file-5570a41370200f741ed1-df0a-9cf22d0a", "FileType": "OTHER", "FileChecksum": "SHA256: df0a04269a1ece90cc4d8e032aab038cc729e75f9ae79135a62b35a2ae6e7b49", "LicenseConcluded": "NOASSERTION", "LicenseInfoInFile": "NOASSERTION", "LicenseComments": "", "FileCopyrightText": "NOASSERTION", "FileComment": "", "FileNotice": "", "File Relationship": "SPDXRef-file-5570a41370200f741ed1-df0a-9cf22d0a CONTAINED_BY SPDXRef-package-activeresource-de33-d0a475ef"}, "File 23": {"FileName": "./.git/objects/17/117813776361b33a69fe4c1e799e0ff4393b3f", "SPDXID": "SPDXRef-file-117813776361b33a69fe-9d48-6ed570b2", "FileType": "OTHER", "FileChecksum": "SHA256: 9d487f5bdf4e108e7dd7c9e78a64494ff179ca33910c3608b08b82865472b018", "LicenseConcluded": "NOASSERTION", "LicenseInfoInFile": "NOASSERTION", "LicenseComments": "", "FileCopyrightText": "NOASSERTION", "FileComment": "", "FileNotice": "", "File Relationship": "SPDXRef-file-117813776361b33a69fe-9d48-6ed570b2 CONTAINED_BY SPDXRef-package-activeresource-de33-d0a475ef"}, "File 24": {"FileName": "./.git/objects/1a/67c9d2946c6608657e86abfb99151ffe1252ea", "SPDXID": "SPDXRef-file-67c9d2946c6608657e86-4e27-e55387b2", "FileType": "OTHER", "FileChecksum": "SHA256: 4e276c87028af1d876eb4a247356777476cb0762cb21b6cc1acc10958a164787", "LicenseConcluded": "NOASSERTION", "LicenseInfoInFile": "NOASSERTION", "LicenseComments": "", "FileCopyrightText": "NOASSERTION", "FileComment": "", "FileNotice": "", "File Relationship": "SPDXRef-file-67c9d2946c6608657e86-4e27-e55387b2 CONTAINED_BY SPDXRef-package-activeresource-de33-d0a475ef"}, "File 25": {"FileName": "./.git/objects/1b/058143a6becbbe0c94b8b89faee1c47995e6fb", "SPDXID": "SPDXRef-file-058143a6becbbe0c94b8-e124-d9104a35", "FileType": "OTHER", "FileChecksum": "SHA256: e1243598a16bc777f17d4b6a47c0c6c7345d8a17ec5584fb910a81fa6d28304e", "LicenseConcluded": "NOASSERTION", "LicenseInfoInFile": "NOASSERTION", "LicenseComments": "", "FileCopyrightText": "NOASSERTION", "FileComment": "", "FileNotice": "", "File Relationship": "SPDXRef-file-058143a6becbbe0c94b8-e124-d9104a35 CONTAINED_BY SPDXRef-package-activeresource-de33-d0a475ef"}, "File 26": {"FileName": "./.git/objects/2d/0d85e5fd5358a8f4364119df74dfd7ab28b949", "SPDXID": "SPDXRef-file-0d85e5fd5358a8f43641-94b4-2aa150f6", "FileType": "OTHER", "FileChecksum": "SHA256: 94b4d8d6d3ecd0d61265302c01079f564410a37758a3be2b18031b8781f76991", "LicenseConcluded": "NOASSERTION", "LicenseInfoInFile": "NOASSERTION", "LicenseComments": "", "FileCopyrightText": "NOASSERTION", "FileComment": "", "FileNotice": "", "File Relationship": "SPDXRef-file-0d85e5fd5358a8f43641-94b4-2aa150f6 CONTAINED_BY SPDXRef-package-activeresource-de33-d0a475ef"}, "File 27": {"FileName": "./.git/objects/38/bfb0a63808cb1e7005e5b22fd99947cb11affb", "SPDXID": "SPDXRef-file-bfb0a63808cb1e7005e5-5daf-9e3aec70", "FileType": "OTHER", "FileChecksum": "SHA256: 5dafc39d4eee2786ad051856829feab7cfa30f71ffe9921fc9d758bb830225ae", "LicenseConcluded": "NOASSERTION", "LicenseInfoInFile": "NOASSERTION", "LicenseComments": "", "FileCopyrightText": "NOASSERTION", "FileComment": "", "FileNotice": "", "File Relationship": "SPDXRef-file-bfb0a63808cb1e7005e5-5daf-9e3aec70 CONTAINED_BY SPDXRef-package-activeresource-de33-d0a475ef"}, "File 28": {"FileName": "./.git/objects/3b/48e3ffeee9abe718d5f32b83e44505d8c4a901", "SPDXID": "SPDXRef-file-48e3ffeee9abe718d5f3-a964-00d5fc4b", "FileType": "OTHER", "FileChecksum": "SHA256: a9642ae5ba250b76accee470635b6334e06878fec2b41871d95bf1ef1108ad4f", "LicenseConcluded": "NOASSERTION", "LicenseInfoInFile": "NOASSERTION", "LicenseComments": "", "FileCopyrightText": "NOASSERTION", "FileComment": "", "FileNotice": "", "File Relationship": "SPDXRef-file-48e3ffeee9abe718d5f3-a964-00d5fc4b CONTAINED_BY SPDXRef-package-activeresource-de33-d0a475ef"}, "File 29": {"FileName": "./.git/objects/40/a666460a68ac79821d84fe64306c4002cc78ca", "SPDXID": "SPDXRef-file-a666460a68ac79821d84-f9bf-b14fc131", "FileType": "OTHER", "FileChecksum": "SHA256: f9bff65012c208d630a7268407ba74b4279672896848a65101d6f4e6464194ae", "LicenseConcluded": "NOASSERTION", "LicenseInfoInFile": "NOASSERTION", "LicenseComments": "", "FileCopyrightText": "NOASSERTION", "FileComment": "", "FileNotice": "", "File Relationship": "SPDXRef-file-a666460a68ac79821d84-f9bf-b14fc131 CONTAINED_BY SPDXRef-package-activeresource-de33-d0a475ef"}, "File 30": {"FileName": "./.git/objects/47/4bf7d72c3a78cb7b35270218b4ddef6d5de986", "SPDXID": "SPDXRef-file-4bf7d72c3a78cb7b3527-c735-75d1d716", "FileType": "OTHER", "FileChecksum": "SHA256: c7354e6bc5428dead50a8044ca159b7b7a7cc3ed90cb78c5f53a9d3b1d2bec07", "LicenseConcluded": "NOASSERTION", "LicenseInfoInFile": "NOASSERTION", "LicenseComments": "", "FileCopyrightText": "NOASSERTION", "FileComment": "", "FileNotice": "", "File Relationship": "SPDXRef-file-4bf7d72c3a78cb7b3527-c735-75d1d716 CONTAINED_BY SPDXRef-package-activeresource-de33-d0a475ef"}, "File 31": {"FileName": "./.git/objects/5d/046665937dbfbcf657cf0075de7b167f6ed78a", "SPDXID": "SPDXRef-file-046665937dbfbcf657cf-217c-5c837467", "FileType": "OTHER", "FileChecksum": "SHA256: 217cf1402e61fd1d100174d03058cabe02da5e71b95052f388cc46c500125d91", "LicenseConcluded": "NOASSERTION", "LicenseInfoInFile": "NOASSERTION", "LicenseComments": "", "FileCopyrightText": "NOASSERTION", "FileComment": "", "FileNotice": "", "File Relationship": "SPDXRef-file-046665937dbfbcf657cf-217c-5c837467 CONTAINED_BY SPDXRef-package-activeresource-de33-d0a475ef"}, "File 32": {"FileName": "./.git/objects/60/0845f2fbafd93555a77da2da30528de03051f4", "SPDXID": "SPDXRef-file-0845f2fbafd93555a77d-b790-951a70c8", "FileType": "OTHER", "FileChecksum": "SHA256: b790957e81cff968d7294557efd6158b2effa58beb8f2bdb0a3c622fdab741ce", "LicenseConcluded": "NOASSERTION", "LicenseInfoInFile": "NOASSERTION", "LicenseComments": "", "FileCopyrightText": "NOASSERTION", "FileComment": "", "FileNotice": "", "File Relationship": "SPDXRef-file-0845f2fbafd93555a77d-b790-951a70c8 CONTAINED_BY SPDXRef-package-activeresource-de33-d0a475ef"}, "File 33": {"FileName": "./.git/objects/61/4a7d574974159ebb1d9f8cb20403558e504115", "SPDXID": "SPDXRef-file-4a7d574974159ebb1d9f-1ee0-c1e600e0", "FileType": "OTHER", "FileChecksum": "SHA256: 1ee0ae27cc5f8b0162f86cdb7f73ee02d0ac3b57655b28d9bd966310a350904b", "LicenseConcluded": "NOASSERTION", "LicenseInfoInFile": "NOASSERTION", "LicenseComments": "", "FileCopyrightText": "NOASSERTION", "FileComment": "", "FileNotice": "", "File Relationship": "SPDXRef-file-4a7d574974159ebb1d9f-1ee0-c1e600e0 CONTAINED_BY SPDXRef-package-activeresource-de33-d0a475ef"}, "File 34": {"FileName": "./.git/objects/64/cedae3019f022a301aad301dc3b7984bb3a153", "SPDXID": "SPDXRef-file-cedae3019f022a301aad-7feb-ac0990df", "FileType": "OTHER", "FileChecksum": "SHA256: 7feb409a1dd91061685780d0f32d27b654ae77b7cc026e20fa82e2942a1e2800", "LicenseConcluded": "NOASSERTION", "LicenseInfoInFile": "NOASSERTION", "LicenseComments": "", "FileCopyrightText": "NOASSERTION", "FileComment": "", "FileNotice": "", "File Relationship": "SPDXRef-file-cedae3019f022a301aad-7feb-ac0990df CONTAINED_BY SPDXRef-package-activeresource-de33-d0a475ef"}, "File 35": {"FileName": "./.git/objects/82/cbc16daae432340ab5fe966d1cbdf51b20e20f", "SPDXID": "SPDXRef-file-cbc16daae432340ab5fe-fa72-d2fff189", "FileType": "OTHER", "FileChecksum": "SHA256: fa72b8bc0984e6c1ebb2a1cdb991c3dfef51e3d3e59b27360546529442a70374", "LicenseConcluded": "NOASSERTION", "LicenseInfoInFile": "NOASSERTION", "LicenseComments": "", "FileCopyrightText": "NOASSERTION", "FileComment": "", "FileNotice": "", "File Relationship": "SPDXRef-file-cbc16daae432340ab5fe-fa72-d2fff189 CONTAINED_BY SPDXRef-package-activeresource-de33-d0a475ef"}, "File 36": {"FileName": "./.git/objects/8f/ad4fc62b2501c90801dac5f3abfbd1b73296f6", "SPDXID": "SPDXRef-file-ad4fc62b2501c90801da-1b74-24209a32", "FileType": "OTHER", "FileChecksum": "SHA256: 1b7443cc0a4d08ef6cbfc1dee9c2dbd20379ecb981b72031d3b9de787029fcad", "LicenseConcluded": "NOASSERTION", "LicenseInfoInFile": "NOASSERTION", "LicenseComments": "", "FileCopyrightText": "NOASSERTION", "FileComment": "", "FileNotice": "", "File Relationship": "SPDXRef-file-ad4fc62b2501c90801da-1b74-24209a32 CONTAINED_BY SPDXRef-package-activeresource-de33-d0a475ef"}, "File 37": {"FileName": "./.git/objects/9a/a30b17d1201425e6bef2db4d829e01b8a6202b", "SPDXID": "SPDXRef-file-a30b17d1201425e6bef2-af89-d07daa30", "FileType": "OTHER", "FileChecksum": "SHA256: af89f99435ae9f983513d150696c2d265ed71e03533db0cc2855cb676a3e98cc", "LicenseConcluded": "NOASSERTION", "LicenseInfoInFile": "NOASSERTION", "LicenseComments": "", "FileCopyrightText": "NOASSERTION", "FileComment": "", "FileNotice": "", "File Relationship": "SPDXRef-file-a30b17d1201425e6bef2-af89-d07daa30 CONTAINED_BY SPDXRef-package-activeresource-de33-d0a475ef"}, "File 38": {"FileName": "./.git/objects/ab/ee6fd5a42f7c1db122d967567b56ef80915167", "SPDXID": "SPDXRef-file-ee6fd5a42f7c1db122d9-c005-26620b21", "FileType": "OTHER", "FileChecksum": "SHA256: c005a3dfdd8db6177bb51d7cf7aaf4ebc85fefd1624638b3466da22605a243bd", "LicenseConcluded": "NOASSERTION", "LicenseInfoInFile": "NOASSERTION", "LicenseComments": "", "FileCopyrightText": "NOASSERTION", "FileComment": "", "FileNotice": "", "File Relationship": "SPDXRef-file-ee6fd5a42f7c1db122d9-c005-26620b21 CONTAINED_BY SPDXRef-package-activeresource-de33-d0a475ef"}, "File 39": {"FileName": "./.git/objects/ac/8ae7d1c9cc870a67601b141d11fe93611311b7", "SPDXID": "SPDXRef-file-8ae7d1c9cc870a67601b-f910-3d615f85", "FileType": "OTHER", "FileChecksum": "SHA256: f91013fdb28b2763bf820b83175a457bca2f39878fc7f227504d765ae9d874dc", "LicenseConcluded": "NOASSERTION", "LicenseInfoInFile": "NOASSERTION", "LicenseComments": "", "FileCopyrightText": "NOASSERTION", "FileComment": "", "FileNotice": "", "File Relationship": "SPDXRef-file-8ae7d1c9cc870a67601b-f910-3d615f85 CONTAINED_BY SPDXRef-package-activeresource-de33-d0a475ef"}, "File 40": {"FileName": "./.git/objects/c6/d919c8b02049f6f695d204e9c909658f33aaae", "SPDXID": "SPDXRef-file-d919c8b02049f6f695d2-b4c1-6b2870f9", "FileType": "OTHER", "FileChecksum": "SHA256: b4c12e94dc5f06720f426401c8194a99ef70eb080ea7ddb2de961929f928e7b0", "LicenseConcluded": "NOASSERTION", "LicenseInfoInFile": "NOASSERTION", "LicenseComments": "", "FileCopyrightText": "NOASSERTION", "FileComment": "", "FileNotice": "", "File Relationship": "SPDXRef-file-d919c8b02049f6f695d2-b4c1-6b2870f9 CONTAINED_BY SPDXRef-package-activeresource-de33-d0a475ef"}, "File 41": {"FileName": "./.git/objects/d1/785712bf7c73351ab5c5cac65ae3345680a29f", "SPDXID": "SPDXRef-file-785712bf7c73351ab5c5-8827-b9099e30", "FileType": "OTHER", "FileChecksum": "SHA256: 882758ba70340381c69d06acab3af7403bd120fd035335c154e303d8e1826ef0", "LicenseConcluded": "NOASSERTION", "LicenseInfoInFile": "NOASSERTION", "LicenseComments": "", "FileCopyrightText": "NOASSERTION", "FileComment": "", "FileNotice": "", "File Relationship": "SPDXRef-file-785712bf7c73351ab5c5-8827-b9099e30 CONTAINED_BY SPDXRef-package-activeresource-de33-d0a475ef"}, "File 42": {"FileName": "./.git/objects/de/9deedf06a554668caa5bf7def80010759e312b", "SPDXID": "SPDXRef-file-9deedf06a554668caa5b-8876-ea896846", "FileType": "OTHER", "FileChecksum": "SHA256: 8876a9ef105e40f8479bc559946b6ab6945961e26457819c8a0c873934638ea1", "LicenseConcluded": "NOASSERTION", "LicenseInfoInFile": "NOASSERTION", "LicenseComments": "", "FileCopyrightText": "NOASSERTION", "FileComment": "", "FileNotice": "", "File Relationship": "SPDXRef-file-9deedf06a554668caa5b-8876-ea896846 CONTAINED_BY SPDXRef-package-activeresource-de33-d0a475ef"}, "File 43": {"FileName": "./.git/objects/de/b86429701b10d275e44d0cb169df2e7dd9e329", "SPDXID": "SPDXRef-file-b86429701b10d275e44d-9d2b-a393794b", "FileType": "OTHER", "FileChecksum": "SHA256: 9d2b3f95403d2e16c14edac29d6db69a4ccd5e3982c163a4241b832438d87d57", "LicenseConcluded": "NOASSERTION", "LicenseInfoInFile": "NOASSERTION", "LicenseComments": "", "FileCopyrightText": "NOASSERTION", "FileComment": "", "FileNotice": "", "File Relationship": "SPDXRef-file-b86429701b10d275e44d-9d2b-a393794b CONTAINED_BY SPDXRef-package-activeresource-de33-d0a475ef"}, "File 44": {"FileName": "./.git/objects/e2/98b9925224064c49362d530dac2e6f872a84ee", "SPDXID": "SPDXRef-file-98b9925224064c49362d-6dbc-443151cf", "FileType": "OTHER", "FileChecksum": "SHA256: 6dbcf38caa3cf0709ff8e42ef5a659a73b5619a393aa7dbd25037c53fcecde1c", "LicenseConcluded": "NOASSERTION", "LicenseInfoInFile": "NOASSERTION", "LicenseComments": "", "FileCopyrightText": "NOASSERTION", "FileComment": "", "FileNotice": "", "File Relationship": "SPDXRef-file-98b9925224064c49362d-6dbc-443151cf CONTAINED_BY SPDXRef-package-activeresource-de33-d0a475ef"}, "File 45": {"FileName": "./.git/objects/e7/86ff67ac1d494d836dca8f87b4179ea2705b15", "SPDXID": "SPDXRef-file-86ff67ac1d494d836dca-7eb6-cfc7d344", "FileType": "OTHER", "FileChecksum": "SHA256: 7eb67bb6ff4ff1104cfacdaabedf015276e6376ba3d02bda43a681f2f0fd3d64", "LicenseConcluded": "NOASSERTION", "LicenseInfoInFile": "NOASSERTION", "LicenseComments": "", "FileCopyrightText": "NOASSERTION", "FileComment": "", "FileNotice": "", "File Relationship": "SPDXRef-file-86ff67ac1d494d836dca-7eb6-cfc7d344 CONTAINED_BY SPDXRef-package-activeresource-de33-d0a475ef"}, "File 46": {"FileName": "./.git/objects/ea/6f109592d97966f339a38796e2a97c1eb1dd2f", "SPDXID": "SPDXRef-file-6f109592d97966f339a3-0bb3-034d415a", "FileType": "OTHER", "FileChecksum": "SHA256: 0bb3c7a2726b6eb5c6ddb406793e4203c7787769c94ac7d89a3b4567292983d7", "LicenseConcluded": "NOASSERTION", "LicenseInfoInFile": "NOASSERTION", "LicenseComments": "", "FileCopyrightText": "NOASSERTION", "FileComment": "", "FileNotice": "", "File Relationship": "SPDXRef-file-6f109592d97966f339a3-0bb3-034d415a CONTAINED_BY SPDXRef-package-activeresource-de33-d0a475ef"}, "File 47": {"FileName": "./.git/objects/ed/67497b23e4f1e2522374670b60337a2c6ec520", "SPDXID": "SPDXRef-file-67497b23e4f1e2522374-ab69-05cc23da", "FileType": "OTHER", "FileChecksum": "SHA256: ab69d31c1d6d59be452a390cf9e6c101f161e73e1d3650d74e8f446739959b0c", "LicenseConcluded": "NOASSERTION", "LicenseInfoInFile": "NOASSERTION", "LicenseComments": "", "FileCopyrightText": "NOASSERTION", "FileComment": "", "FileNotice": "", "File Relationship": "SPDXRef-file-67497b23e4f1e2522374-ab69-05cc23da CONTAINED_BY SPDXRef-package-activeresource-de33-d0a475ef"}, "File 48": {"FileName": "./.git/objects/fa/c6b9f4ae143e47b7053af4a6369b5849ac5eff", "SPDXID": "SPDXRef-file-c6b9f4ae143e47b7053a-6c0a-ac9aaab5", "FileType": "OTHER", "FileChecksum": "SHA256: 6c0aa0ea6054ecb0b67f0caa1ab09b7279402ca285fe7e644ad251078ba64e03", "LicenseConcluded": "NOASSERTION", "LicenseInfoInFile": "NOASSERTION", "LicenseComments": "", "FileCopyrightText": "NOASSERTION", "FileComment": "", "FileNotice": "", "File Relationship": "SPDXRef-file-c6b9f4ae143e47b7053a-6c0a-ac9aaab5 CONTAINED_BY SPDXRef-package-activeresource-de33-d0a475ef"}, "File 49": {"FileName": "./.git/objects/pack/pack-88408def47ff87b9bd3edda5ea4f93db12b159c7.idx", "SPDXID": "SPDXRef-file-pack_88408def47ff87b-ca9a-a2b2ca1b", "FileType": "OTHER", "FileChecksum": "SHA256: ca9a1c16f0b39fa9f85af9d28dc2e736a2983e39c04b17536ed96d9bfdc53606", "LicenseConcluded": "NOASSERTION", "LicenseInfoInFile": "NOASSERTION", "LicenseComments": "", "FileCopyrightText": "NOASSERTION", "FileComment": "", "FileNotice": "", "File Relationship": "SPDXRef-file-pack_88408def47ff87b-ca9a-a2b2ca1b CONTAINED_BY SPDXRef-package-activeresource-de33-d0a475ef"}, "File 50": {"FileName": "./.git/objects/pack/pack-88408def47ff87b9bd3edda5ea4f93db12b159c7.pack", "SPDXID": "SPDXRef-file-pack_88408def47ff87b-f4f2-7e2cf914", "FileType": "OTHER", "FileChecksum": "SHA256: f4f2960af8cc239dca92b770089eaa34cbb0a361e03c7fd1acc999ff7c6064d9", "LicenseConcluded": "NOASSERTION", "LicenseInfoInFile": "NOASSERTION", "LicenseComments": "", "FileCopyrightText": "NOASSERTION", "FileComment": "", "FileNotice": "", "File Relationship": "SPDXRef-file-pack_88408def47ff87b-f4f2-7e2cf914 CONTAINED_BY SPDXRef-package-activeresource-de33-d0a475ef"}, "File 51": {"FileName": "./.git/packed-refs", "SPDXID": "SPDXRef-file-packed_refs-c7fa-cbe1ba13", "FileType": "OTHER", "FileChecksum": "SHA256: c7fa38678476a48eb139a66bbe83eb14efe760fc69f1ab3ef5d446927f4b087d", "LicenseConcluded": "NOASSERTION", "LicenseInfoInFile": "NOASSERTION", "LicenseComments": "", "FileCopyrightText": "NOASSERTION", "FileComment": "", "FileNotice": "", "File Relationship": "SPDXRef-file-packed_refs-c7fa-cbe1ba13 CONTAINED_BY SPDXRef-package-activeresource-de33-d0a475ef"}, "File 52": {"FileName": "./.git/refs/heads/master", "SPDXID": "SPDXRef-file-master-336b-2c5889e9", "FileType": "OTHER", "FileChecksum": "SHA256: 336bf03e899a72dbaf242f0e5fa8025c1d20e1e493ba4913aff0b828e9c69f38", "LicenseConcluded": "NOASSERTION", "LicenseInfoInFile": "NOASSERTION", "LicenseComments": "", "FileCopyrightText": "NOASSERTION", "FileComment": "", "FileNotice": "", "File Relationship": "SPDXRef-file-master-336b-2c5889e9 CONTAINED_BY SPDXRef-package-activeresource-de33-d0a475ef"}, "File 53": {"FileName": "./.git/refs/remotes/origin/HEAD", "SPDXID": "SPDXRef-file-HEAD-cdc6-eb12b457", "FileType": "OTHER", "FileChecksum": "SHA256: cdc65e67690c4c6475174e5ec662b70655246a2f3924354778835ab3be70aa76", "LicenseConcluded": "NOASSERTION", "LicenseInfoInFile": "NOASSERTION", "LicenseComments": "", "FileCopyrightText": "NOASSERTION", "FileComment": "", "FileNotice": "", "File Relationship": "SPDXRef-file-HEAD-cdc6-eb12b457 CONTAINED_BY SPDXRef-package-activeresource-de33-d0a475ef"}, "File 54": {"FileName": "./.git/refs/remotes/origin/master", "SPDXID": "SPDXRef-file-master-336b-a45bdb2b", "FileType": "OTHER", "FileChecksum": "SHA256: 336bf03e899a72dbaf242f0e5fa8025c1d20e1e493ba4913aff0b828e9c69f38", "LicenseConcluded": "NOASSERTION", "LicenseInfoInFile": "NOASSERTION", "LicenseComments": "", "FileCopyrightText": "NOASSERTION", "FileComment": "", "FileNotice": "", "File Relationship": "SPDXRef-file-master-336b-a45bdb2b CONTAINED_BY SPDXRef-package-activeresource-de33-d0a475ef"}, "File 55": {"FileName": "./.github/stale.yml", "SPDXID": "SPDXRef-file-stale_yml-a9a6-c41a36a0", "FileType": "OTHER", "FileChecksum": "SHA256: a9a6f3479044284774e560a4b5edd22f0d8e4605de9c94c498bca37e4fb2a7b0", "LicenseConcluded": "NOASSERTION", "LicenseInfoInFile": "NOASSERTION", "LicenseComments": "", "FileCopyrightText": "NOASSERTION", "FileComment": "", "FileNotice": "", "File Relationship": "SPDXRef-file-stale_yml-a9a6-c41a36a0 CONTAINED_BY SPDXRef-package-activeresource-de33-d0a475ef"}, "File 56": {"FileName": "./.gitignore", "SPDXID": "SPDXRef-file-_gitignore-54eb-2ad2f76a", "FileType": "OTHER", "FileChecksum": "SHA256: 54eb8fc503731165361dcd67db94021fdcb24ccc37cc5e6428a39dbd54969a78", "LicenseConcluded": "NOASSERTION", "LicenseInfoInFile": "NOASSERTION", "LicenseComments": "", "FileCopyrightText": "NOASSERTION", "FileComment": "", "FileNotice": "", "File Relationship": "SPDXRef-file-_gitignore-54eb-2ad2f76a CONTAINED_BY SPDXRef-package-activeresource-de33-d0a475ef"}, "File 57": {"FileName": "./.rubocop-https---raw-githubusercontent-com-rails-rails-master--rubocop-yml", "SPDXID": "SPDXRef-file-_rubocop_https___raw-2a40-3877fe0d", "FileType": "OTHER", "FileChecksum": "SHA256: 2a40a7b2b7f97e0dbfd4d2a632ab0e80cb3a12a23fd1e6c76b9430c6f754dc84", "LicenseConcluded": "NOASSERTION", "LicenseInfoInFile": "NOASSERTION", "LicenseComments": "", "FileCopyrightText": "NOASSERTION", "FileComment": "", "FileNotice": "", "File Relationship": "SPDXRef-file-_rubocop_https___raw-2a40-3877fe0d CONTAINED_BY SPDXRef-package-activeresource-de33-d0a475ef"}, "File 58": {"FileName": "./.rubocop.yml", "SPDXID": "SPDXRef-file-_rubocop_yml-d117-bece77e9", "FileType": "OTHER", "FileChecksum": "SHA256: d11794bb6642facc5c1affd0199dfea0c7a10fcf51e7c2ec4743482c27bac435", "LicenseConcluded": "NOASSERTION", "LicenseInfoInFile": "NOASSERTION", "LicenseComments": "", "FileCopyrightText": "NOASSERTION", "FileComment": "", "FileNotice": "", "File Relationship": "SPDXRef-file-_rubocop_yml-d117-bece77e9 CONTAINED_BY SPDXRef-package-activeresource-de33-d0a475ef"}, "File 59": {"FileName": "./.travis.yml", "SPDXID": "SPDXRef-file-_travis_yml-08f1-7a62aa8e", "FileType": "OTHER", "FileChecksum": "SHA256: 08f1898c7c9c186f59a7463ed1d21c8b80305823c9ae760f1bbbd1ac56c054b8", "LicenseConcluded": "NOASSERTION", "LicenseInfoInFile": "NOASSERTION", "LicenseComments": "", "FileCopyrightText": "NOASSERTION", "FileComment": "", "FileNotice": "", "File Relationship": "SPDXRef-file-_travis_yml-08f1-7a62aa8e CONTAINED_BY SPDXRef-package-activeresource-de33-d0a475ef"}, "File 60": {"FileName": "./CHANGELOG.md", "SPDXID": "SPDXRef-file-CHANGELOG_md-9105-a9fcdb43", "FileType": "OTHER", "FileChecksum": "SHA256: 91055aa8ec37b7fb5916cfdcab0d645b84d626c2b1f9c370b78cf1633b8bec8f", "LicenseConcluded": "NOASSERTION", "LicenseInfoInFile": "NOASSERTION", "LicenseComments": "", "FileCopyrightText": "NOASSERTION", "FileComment": "", "FileNotice": "", "File Relationship": "SPDXRef-file-CHANGELOG_md-9105-a9fcdb43 CONTAINED_BY SPDXRef-package-activeresource-de33-d0a475ef"}, "File 61": {"FileName": "./CONTRIBUTING.md", "SPDXID": "SPDXRef-file-CONTRIBUTING_md-30b0-8d5ca00c", "FileType": "OTHER", "FileChecksum": "SHA256: 30b0e348ed3a84e61b2ed24cce73f6ad2bcb486d55973ee42c38f16d0ed912e8", "LicenseConcluded": "NOASSERTION", "LicenseInfoInFile": "NOASSERTION", "LicenseComments": "", "FileCopyrightText": "NOASSERTION", "FileComment": "", "FileNotice": "", "File Relationship": "SPDXRef-file-CONTRIBUTING_md-30b0-8d5ca00c CONTAINED_BY SPDXRef-package-activeresource-de33-d0a475ef"}, "File 62": {"FileName": "./Gemfile", "SPDXID": "SPDXRef-file-Gemfile-ed0c-5a241d84", "FileType": "OTHER", "FileChecksum": "SHA256: ed0c61cce478cc502a701f0522ec3f6576e45aac972b9acf96a8ba22c28e45da", "LicenseConcluded": "NOASSERTION", "LicenseInfoInFile": "NOASSERTION", "LicenseComments": "", "FileCopyrightText": "NOASSERTION", "FileComment": "", "FileNotice": "", "File Relationship": "SPDXRef-file-Gemfile-ed0c-5a241d84 CONTAINED_BY SPDXRef-package-activeresource-de33-d0a475ef"}, "File 63": {"FileName": "./MIT-LICENSE", "SPDXID": "SPDXRef-file-MIT_LICENSE-c22a-a2d7a376", "FileType": "OTHER", "FileChecksum": "SHA256: c22a1e9b8fe838e9d5c95e97cb966f7fadd84676e3e65beabb06c089c980bdbd", "LicenseConcluded": "NOASSERTION", "LicenseInfoInFile": "MIT", "LicenseComments": "", "FileCopyrightText": "NOASSERTION", "FileComment": "", "FileNotice": "", "File Relationship": "SPDXRef-file-MIT_LICENSE-c22a-a2d7a376 CONTAINED_BY SPDXRef-package-activeresource-de33-d0a475ef"}, "File 64": {"FileName": "./README.rdoc", "SPDXID": "SPDXRef-file-README_rdoc-ac7b-eb500621", "FileType": "SOURCE", "FileChecksum": "SHA256: ac7b8c66b99cd1c6ae13f3709bb8937d0e684bac25dda458267ea9b214a2248b", "LicenseConcluded": "NOASSERTION", "LicenseInfoInFile": "MIT", "LicenseComments": "", "FileCopyrightText": "NOASSERTION", "FileComment": "", "FileNotice": "", "File Relationship": "SPDXRef-file-README_rdoc-ac7b-eb500621 CONTAINED_BY SPDXRef-package-activeresource-de33-d0a475ef"}, "File 65": {"FileName": "./Rakefile", "SPDXID": "SPDXRef-file-Rakefile-b896-f0044558", "FileType": "SOURCE", "FileChecksum": "SHA256: b89661f62d9cecad803a265bdd223b5ca284aa8785d7027fc38ddee512f258af", "LicenseConcluded": "NOASSERTION", "LicenseInfoInFile": "NOASSERTION", "LicenseComments": "", "FileCopyrightText": "NOASSERTION", "FileComment": "", "FileNotice": "", "File Relationship": "SPDXRef-file-Rakefile-b896-f0044558 CONTAINED_BY SPDXRef-package-activeresource-de33-d0a475ef"}, "File 66": {"FileName": "./activeresource.gemspec", "SPDXID": "SPDXRef-file-activeresource_gemsp-557f-17ced56c", "FileType": "OTHER", "FileChecksum": "SHA256: 557f13a1b72881e77818e275588dc976c21a5fdbc66ede6e020433de8ca17951", "LicenseConcluded": "NOASSERTION", "LicenseInfoInFile": "MIT", "LicenseComments": "", "FileCopyrightText": "NOASSERTION", "FileComment": "", "FileNotice": "", "File Relationship": "SPDXRef-file-activeresource_gemsp-557f-17ced56c CONTAINED_BY SPDXRef-package-activeresource-de33-d0a475ef"}, "File 67": {"FileName": "./examples/performance.rb", "SPDXID": "SPDXRef-file-performance_rb-38f4-49c05f7e", "FileType": "SOURCE", "FileChecksum": "SHA256: 38f4aff4b1e0ace5871331a97887e33216950241d85eeb7b3d596459b21076fa", "LicenseConcluded": "NOASSERTION", "LicenseInfoInFile": "NOASSERTION", "LicenseComments": "", "FileCopyrightText": "NOASSERTION", "FileComment": "", "FileNotice": "", "File Relationship": "SPDXRef-file-performance_rb-38f4-49c05f7e CONTAINED_BY SPDXRef-package-activeresource-de33-d0a475ef"}, "File 68": {"FileName": "./lib/active_resource.rb", "SPDXID": "SPDXRef-file-active_resource_rb-8ca9-18b6fd35", "FileType": "SOURCE", "FileChecksum": "SHA256: 8ca9e5febfe2eb5ec25eb0133a27d260e29714ebb0ffae83b179870501b1df69", "LicenseConcluded": "NOASSERTION", "LicenseInfoInFile": "MIT", "LicenseComments": "", "FileCopyrightText": "NOASSERTION", "FileComment": "", "FileNotice": "", "File Relationship": "SPDXRef-file-active_resource_rb-8ca9-18b6fd35 CONTAINED_BY SPDXRef-package-activeresource-de33-d0a475ef"}, "File 69": {"FileName": "./lib/active_resource/active_job_serializer.rb", "SPDXID": "SPDXRef-file-active_job_serialize-59f2-6b9b1d25", "FileType": "SOURCE", "FileChecksum": "SHA256: 59f2d821342b8085d05d6db65ce3e69ffb4ddb9ddf383a93f508ef195c7d2276", "LicenseConcluded": "NOASSERTION", "LicenseInfoInFile": "NOASSERTION", "LicenseComments": "", "FileCopyrightText": "NOASSERTION", "FileComment": "", "FileNotice": "", "File Relationship": "SPDXRef-file-active_job_serialize-59f2-6b9b1d25 CONTAINED_BY SPDXRef-package-activeresource-de33-d0a475ef"}, "File 70": {"FileName": "./lib/active_resource/associations.rb", "SPDXID": "SPDXRef-file-associations_rb-f47a-3f6108e5", "FileType": "SOURCE", "FileChecksum": "SHA256: f47a70e067a83d7775c725088319c77b9a17227194a51a26aaf3b7a63de82296", "LicenseConcluded": "NOASSERTION", "LicenseInfoInFile": "NOASSERTION", "LicenseComments": "", "FileCopyrightText": "NOASSERTION", "FileComment": "", "FileNotice": "", "File Relationship": "SPDXRef-file-associations_rb-f47a-3f6108e5 CONTAINED_BY SPDXRef-package-activeresource-de33-d0a475ef"}, "File 71": {"FileName": "./lib/active_resource/associations/builder/association.rb", "SPDXID": "SPDXRef-file-association_rb-e8d2-ad875b50", "FileType": "SOURCE", "FileChecksum": "SHA256: e8d25f80d092badcd02ff12349a070670cee02376983a955d2fee42ea6c8b549", "LicenseConcluded": "NOASSERTION", "LicenseInfoInFile": "NOASSERTION", "LicenseComments": "", "FileCopyrightText": "NOASSERTION", "FileComment": "", "FileNotice": "", "File Relationship": "SPDXRef-file-association_rb-e8d2-ad875b50 CONTAINED_BY SPDXRef-package-activeresource-de33-d0a475ef"}, "File 72": {"FileName": "./lib/active_resource/associations/builder/belongs_to.rb", "SPDXID": "SPDXRef-file-belongs_to_rb-fd55-2d9944ba", "FileType": "SOURCE", "FileChecksum": "SHA256: fd55499921acea4ed11c8e6146a7bbd7f8e9dfa7c6d0f681d8f19bdc01597cf6", "LicenseConcluded": "NOASSERTION", "LicenseInfoInFile": "NOASSERTION", "LicenseComments": "", "FileCopyrightText": "NOASSERTION", "FileComment": "", "FileNotice": "", "File Relationship": "SPDXRef-file-belongs_to_rb-fd55-2d9944ba CONTAINED_BY SPDXRef-package-activeresource-de33-d0a475ef"}, "File 73": {"FileName": "./lib/active_resource/associations/builder/has_many.rb", "SPDXID": "SPDXRef-file-has_many_rb-69d4-07225673", "FileType": "SOURCE", "FileChecksum": "SHA256: 69d4f67ea6130f1a8627dc8293ef05da070cea65e69cc07ff86aa8ef9c96b2cd", "LicenseConcluded": "NOASSERTION", "LicenseInfoInFile": "NOASSERTION", "LicenseComments": "", "FileCopyrightText": "NOASSERTION", "FileComment": "", "FileNotice": "", "File Relationship": "SPDXRef-file-has_many_rb-69d4-07225673 CONTAINED_BY SPDXRef-package-activeresource-de33-d0a475ef"}, "File 74": {"FileName": "./lib/active_resource/associations/builder/has_one.rb", "SPDXID": "SPDXRef-file-has_one_rb-4a64-bd074dd3", "FileType": "SOURCE", "FileChecksum": "SHA256: 4a6438953efaf32c741f0bd5f5b42c8378419d43d959a53d1d7d4274eca9edcc", "LicenseConcluded": "NOASSERTION", "LicenseInfoInFile": "NOASSERTION", "LicenseComments": "", "FileCopyrightText": "NOASSERTION", "FileComment": "", "FileNotice": "", "File Relationship": "SPDXRef-file-has_one_rb-4a64-bd074dd3 CONTAINED_BY SPDXRef-package-activeresource-de33-d0a475ef"}, "File 75": {"FileName": "./lib/active_resource/base.rb", "SPDXID": "SPDXRef-file-base_rb-d63d-b9d6da58", "FileType": "OTHER", "FileChecksum": "SHA256: d63dc9d9dd0027f1c86cafbabe68f9cccf09a361db52a9346a584566e0049f33", "LicenseConcluded": "NOASSERTION", "LicenseInfoInFile": "NOASSERTION", "LicenseComments": "", "FileCopyrightText": "NOASSERTION", "FileComment": "", "FileNotice": "", "File Relationship": "SPDXRef-file-base_rb-d63d-b9d6da58 CONTAINED_BY SPDXRef-package-activeresource-de33-d0a475ef"}, "File 76": {"FileName": "./lib/active_resource/callbacks.rb", "SPDXID": "SPDXRef-file-callbacks_rb-f8fc-e03090ec", "FileType": "SOURCE", "FileChecksum": "SHA256: f8fc13862f193a744b7de500aa8d76baf3f4d797a725efbc97db7070bfca8a98", "LicenseConcluded": "NOASSERTION", "LicenseInfoInFile": "NOASSERTION", "LicenseComments": "", "FileCopyrightText": "NOASSERTION", "FileComment": "", "FileNotice": "", "File Relationship": "SPDXRef-file-callbacks_rb-f8fc-e03090ec CONTAINED_BY SPDXRef-package-activeresource-de33-d0a475ef"}, "File 77": {"FileName": "./lib/active_resource/collection.rb", "SPDXID": "SPDXRef-file-collection_rb-a530-35e9d042", "FileType": "SOURCE", "FileChecksum": "SHA256: a530e31bb98322be25dcbc9a89da2397262b1ceb2da2747a312be6c683863076", "LicenseConcluded": "NOASSERTION", "LicenseInfoInFile": "NOASSERTION", "LicenseComments": "", "FileCopyrightText": "NOASSERTION", "FileComment": "", "FileNotice": "", "File Relationship": "SPDXRef-file-collection_rb-a530-35e9d042 CONTAINED_BY SPDXRef-package-activeresource-de33-d0a475ef"}, "File 78": {"FileName": "./lib/active_resource/connection.rb", "SPDXID": "SPDXRef-file-connection_rb-612e-c93d6bf5", "FileType": "SOURCE", "FileChecksum": "SHA256: 612e7f5bd5bba12801cc0a455814b974d8cca3dfdd255feef4f4c482f98cd85b", "LicenseConcluded": "NOASSERTION", "LicenseInfoInFile": "NOASSERTION", "LicenseComments": "", "FileCopyrightText": "NOASSERTION", "FileComment": "", "FileNotice": "", "File Relationship": "SPDXRef-file-connection_rb-612e-c93d6bf5 CONTAINED_BY SPDXRef-package-activeresource-de33-d0a475ef"}, "File 79": {"FileName": "./lib/active_resource/custom_methods.rb", "SPDXID": "SPDXRef-file-custom_methods_rb-004f-449ef240", "FileType": "SOURCE", "FileChecksum": "SHA256: 004fce799c04129f72f49ab2fbd4e15427a41e76f2e8112f560cbe7ce12f1e2b", "LicenseConcluded": "NOASSERTION", "LicenseInfoInFile": "NOASSERTION", "LicenseComments": "", "FileCopyrightText": "NOASSERTION", "FileComment": "", "FileNotice": "", "File Relationship": "SPDXRef-file-custom_methods_rb-004f-449ef240 CONTAINED_BY SPDXRef-package-activeresource-de33-d0a475ef"}, "File 80": {"FileName": "./lib/active_resource/exceptions.rb", "SPDXID": "SPDXRef-file-exceptions_rb-68e9-44196faa", "FileType": "SOURCE", "FileChecksum": "SHA256: 68e97e29a80303c0dcdd8008b4faeefe6510f2c8185a73454bc5806b16dc2259", "LicenseConcluded": "NOASSERTION", "LicenseInfoInFile": "NOASSERTION", "LicenseComments": "", "FileCopyrightText": "NOASSERTION", "FileComment": "", "FileNotice": "", "File Relationship": "SPDXRef-file-exceptions_rb-68e9-44196faa CONTAINED_BY SPDXRef-package-activeresource-de33-d0a475ef"}, "File 81": {"FileName": "./lib/active_resource/formats.rb", "SPDXID": "SPDXRef-file-formats_rb-c615-377b3ea4", "FileType": "SOURCE", "FileChecksum": "SHA256: c615bbea3c7e918fe2c2e352760cc5509a65ce7b4f3c0a6b4994a9257ccd2020", "LicenseConcluded": "NOASSERTION", "LicenseInfoInFile": "NOASSERTION", "LicenseComments": "", "FileCopyrightText": "NOASSERTION", "FileComment": "", "FileNotice": "", "File Relationship": "SPDXRef-file-formats_rb-c615-377b3ea4 CONTAINED_BY SPDXRef-package-activeresource-de33-d0a475ef"}, "File 82": {"FileName": "./lib/active_resource/formats/json_format.rb", "SPDXID": "SPDXRef-file-json_format_rb-602e-1fdbebdf", "FileType": "SOURCE", "FileChecksum": "SHA256: 602e44e56250e240bfca0b7ebe137806133ca15e0dfc715b68c2da364197f8aa", "LicenseConcluded": "NOASSERTION", "LicenseInfoInFile": "NOASSERTION", "LicenseComments": "", "FileCopyrightText": "NOASSERTION", "FileComment": "", "FileNotice": "", "File Relationship": "SPDXRef-file-json_format_rb-602e-1fdbebdf CONTAINED_BY SPDXRef-package-activeresource-de33-d0a475ef"}, "File 83": {"FileName": "./lib/active_resource/formats/xml_format.rb", "SPDXID": "SPDXRef-file-xml_format_rb-7aa4-35444578", "FileType": "SOURCE", "FileChecksum": "SHA256: 7aa4bf2cd2ea7fedf3d8bee30aba84cb434caff244a07e9c82d47d42d212d7f1", "LicenseConcluded": "NOASSERTION", "LicenseInfoInFile": "NOASSERTION", "LicenseComments": "", "FileCopyrightText": "NOASSERTION", "FileComment": "", "FileNotice": "", "File Relationship": "SPDXRef-file-xml_format_rb-7aa4-35444578 CONTAINED_BY SPDXRef-package-activeresource-de33-d0a475ef"}, "File 84": {"FileName": "./lib/active_resource/http_mock.rb", "SPDXID": "SPDXRef-file-http_mock_rb-b2d1-4953b618", "FileType": "SOURCE", "FileChecksum": "SHA256: b2d1001d6b7e0b60f885c82e413f92dc8d142d1dd6e6917a5c772dfff32febd6", "LicenseConcluded": "NOASSERTION", "LicenseInfoInFile": "NOASSERTION", "LicenseComments": "", "FileCopyrightText": "NOASSERTION", "FileComment": "", "FileNotice": "", "File Relationship": "SPDXRef-file-http_mock_rb-b2d1-4953b618 CONTAINED_BY SPDXRef-package-activeresource-de33-d0a475ef"}, "File 85": {"FileName": "./lib/active_resource/log_subscriber.rb", "SPDXID": "SPDXRef-file-log_subscriber_rb-9729-f9a8f017", "FileType": "SOURCE", "FileChecksum": "SHA256: 9729c8a48b9d416b4c436ead3fed515b39302d3a202f27e2ada4eb6dc6ed7b12", "LicenseConcluded": "NOASSERTION", "LicenseInfoInFile": "NOASSERTION", "LicenseComments": "", "FileCopyrightText": "NOASSERTION", "FileComment": "", "FileNotice": "", "File Relationship": "SPDXRef-file-log_subscriber_rb-9729-f9a8f017 CONTAINED_BY SPDXRef-package-activeresource-de33-d0a475ef"}, "File 86": {"FileName": "./lib/active_resource/observing.rb", "SPDXID": "SPDXRef-file-observing_rb-e3b0-d955e00d", "FileType": "OTHER", "FileChecksum": "SHA256: e3b0c44298fc1c149afbf4c8996fb92427ae41e4649b934ca495991b7852b855", "LicenseConcluded": "NOASSERTION", "LicenseInfoInFile": "NOASSERTION", "LicenseComments": "", "FileCopyrightText": "NOASSERTION", "FileComment": "", "FileNotice": "", "File Relationship": "SPDXRef-file-observing_rb-e3b0-d955e00d CONTAINED_BY SPDXRef-package-activeresource-de33-d0a475ef"}, "File 87": {"FileName": "./lib/active_resource/railtie.rb", "SPDXID": "SPDXRef-file-railtie_rb-847a-11999cb6", "FileType": "SOURCE", "FileChecksum": "SHA256: 847a5d11c7cfbf15094c73f6d029ad92a8c9e5a0c75b2e075b545d3f6000da15", "LicenseConcluded": "NOASSERTION", "LicenseInfoInFile": "NOASSERTION", "LicenseComments": "", "FileCopyrightText": "NOASSERTION", "FileComment": "", "FileNotice": "", "File Relationship": "SPDXRef-file-railtie_rb-847a-11999cb6 CONTAINED_BY SPDXRef-package-activeresource-de33-d0a475ef"}, "File 88": {"FileName": "./lib/active_resource/reflection.rb", "SPDXID": "SPDXRef-file-reflection_rb-18b6-5d346853", "FileType": "SOURCE", "FileChecksum": "SHA256: 18b6c267705a504da1e9f8a8313e4afb12d01da62a8611c4d20fe24c41d7bc2e", "LicenseConcluded": "NOASSERTION", "LicenseInfoInFile": "NOASSERTION", "LicenseComments": "", "FileCopyrightText": "NOASSERTION", "FileComment": "", "FileNotice": "", "File Relationship": "SPDXRef-file-reflection_rb-18b6-5d346853 CONTAINED_BY SPDXRef-package-activeresource-de33-d0a475ef"}, "File 89": {"FileName": "./lib/active_resource/schema.rb", "SPDXID": "SPDXRef-file-schema_rb-c4f9-c0328277", "FileType": "SOURCE", "FileChecksum": "SHA256: c4f9ea7bc57344ecad3067524ecf301f4c25ad9675e213e4b23d437e79d3dbe7", "LicenseConcluded": "NOASSERTION", "LicenseInfoInFile": "NOASSERTION", "LicenseComments": "", "FileCopyrightText": "NOASSERTION", "FileComment": "", "FileNotice": "", "File Relationship": "SPDXRef-file-schema_rb-c4f9-c0328277 CONTAINED_BY SPDXRef-package-activeresource-de33-d0a475ef"}, "File 90": {"FileName": "./lib/active_resource/singleton.rb", "SPDXID": "SPDXRef-file-singleton_rb-3b5e-48f73945", "FileType": "SOURCE", "FileChecksum": "SHA256: 3b5e1cd0b9de7a0fbdf7ab05410b7313d56368e4672785fda5ee1398c39a8b9b", "LicenseConcluded": "NOASSERTION", "LicenseInfoInFile": "NOASSERTION", "LicenseComments": "", "FileCopyrightText": "NOASSERTION", "FileComment": "", "FileNotice": "", "File Relationship": "SPDXRef-file-singleton_rb-3b5e-48f73945 CONTAINED_BY SPDXRef-package-activeresource-de33-d0a475ef"}, "File 91": {"FileName": "./lib/active_resource/threadsafe_attributes.rb", "SPDXID": "SPDXRef-file-threadsafe_attribute-7854-26891bab", "FileType": "SOURCE", "FileChecksum": "SHA256: 78540eb74c5af07542ce1c9b9515903783f656e0807a49ddb896df3aabc11439", "LicenseConcluded": "NOASSERTION", "LicenseInfoInFile": "NOASSERTION", "LicenseComments": "", "FileCopyrightText": "NOASSERTION", "FileComment": "", "FileNotice": "", "File Relationship": "SPDXRef-file-threadsafe_attribute-7854-26891bab CONTAINED_BY SPDXRef-package-activeresource-de33-d0a475ef"}, "File 92": {"FileName": "./lib/active_resource/validations.rb", "SPDXID": "SPDXRef-file-validations_rb-da65-c6193cbd", "FileType": "SOURCE", "FileChecksum": "SHA256: da659153f3b800a61c481e5cc8d06f14d44c08ab4733e3611a20de947757047f", "LicenseConcluded": "NOASSERTION", "LicenseInfoInFile": "NOASSERTION", "LicenseComments": "", "FileCopyrightText": "NOASSERTION", "FileComment": "", "FileNotice": "", "File Relationship": "SPDXRef-file-validations_rb-da65-c6193cbd CONTAINED_BY SPDXRef-package-activeresource-de33-d0a475ef"}, "File 93": {"FileName": "./lib/active_resource/version.rb", "SPDXID": "SPDXRef-file-version_rb-1031-b7b653dc", "FileType": "SOURCE", "FileChecksum": "SHA256: 10318d0b1047420be79e60d42818fda82831987cf6f9b01f0113e49bad70a084", "LicenseConcluded": "NOASSERTION", "LicenseInfoInFile": "NOASSERTION", "LicenseComments": "", "FileCopyrightText": "NOASSERTION", "FileComment": "", "FileNotice": "", "File Relationship": "SPDXRef-file-version_rb-1031-b7b653dc CONTAINED_BY SPDXRef-package-activeresource-de33-d0a475ef"}, "File 94": {"FileName": "./lib/activeresource.rb", "SPDXID": "SPDXRef-file-activeresource_rb-2727-c0315d47", "FileType": "OTHER", "FileChecksum": "SHA256: 272744a503eac0a4237859c9613d9b6c949916838f9f58888eede4ed2dc851e2", "LicenseConcluded": "NOASSERTION", "LicenseInfoInFile": "NOASSERTION", "LicenseComments": "", "FileCopyrightText": "NOASSERTION", "FileComment": "", "FileNotice": "", "File Relationship": "SPDXRef-file-activeresource_rb-2727-c0315d47 CONTAINED_BY SPDXRef-package-activeresource-de33-d0a475ef"}, "File 95": {"FileName": "./test/abstract_unit.rb", "SPDXID": "SPDXRef-file-abstract_unit_rb-c9c8-53446d18", "FileType": "SOURCE", "FileChecksum": "SHA256: c9c8f05760b9b2ffe37b1d53926c050df147e68ca84dbbbc8c500c1aae79bd29", "LicenseConcluded": "NOASSERTION", "LicenseInfoInFile": "NOASSERTION", "LicenseComments": "", "FileCopyrightText": "NOASSERTION", "FileComment": "", "FileNotice": "", "File Relationship": "SPDXRef-file-abstract_unit_rb-c9c8-53446d18 CONTAINED_BY SPDXRef-package-activeresource-de33-d0a475ef"}, "File 96": {"FileName": "./test/cases/active_job_serializer_test.rb", "SPDXID": "SPDXRef-file-active_job_serialize-6838-2372c694", "FileType": "SOURCE", "FileChecksum": "SHA256: 6838217eee9be66db2fcf9c98314c2448ebc640b01d1f50cef1b322ee5b575f7", "LicenseConcluded": "NOASSERTION", "LicenseInfoInFile": "NOASSERTION", "LicenseComments": "", "FileCopyrightText": "NOASSERTION", "FileComment": "", "FileNotice": "", "File Relationship": "SPDXRef-file-active_job_serialize-6838-2372c694 CONTAINED_BY SPDXRef-package-activeresource-de33-d0a475ef"}, "File 97": {"FileName": "./test/cases/association_test.rb", "SPDXID": "SPDXRef-file-association_test_rb-a1cf-990bd1e9", "FileType": "SOURCE", "FileChecksum": "SHA256: a1cf36c0171a3b6a7ee12cb81985b867dc4087f3b3b04cc272582db0c45353d3", "LicenseConcluded": "NOASSERTION", "LicenseInfoInFile": "NOASSERTION", "LicenseComments": "", "FileCopyrightText": "NOASSERTION", "FileComment": "", "FileNotice": "", "File Relationship": "SPDXRef-file-association_test_rb-a1cf-990bd1e9 CONTAINED_BY SPDXRef-package-activeresource-de33-d0a475ef"}, "File 98": {"FileName": "./test/cases/associations/builder/belongs_to_test.rb", "SPDXID": "SPDXRef-file-belongs_to_test_rb-db69-99757d79", "FileType": "SOURCE", "FileChecksum": "SHA256: db69eac1f5e032f46ca9ad4af10cae6012a0e032610b459a12ec80fa2b7146f1", "LicenseConcluded": "NOASSERTION", "LicenseInfoInFile": "NOASSERTION", "LicenseComments": "", "FileCopyrightText": "NOASSERTION", "FileComment": "", "FileNotice": "", "File Relationship": "SPDXRef-file-belongs_to_test_rb-db69-99757d79 CONTAINED_BY SPDXRef-package-activeresource-de33-d0a475ef"}, "File 99": {"FileName": "./test/cases/associations/builder/has_many_test.rb", "SPDXID": "SPDXRef-file-has_many_test_rb-ea10-238c2be6", "FileType": "SOURCE", "FileChecksum": "SHA256: ea106688ad8d5b9bd268a055bf0553f6589323e962c613320c6b681f599e0cf0", "LicenseConcluded": "NOASSERTION", "LicenseInfoInFile": "NOASSERTION", "LicenseComments": "", "FileCopyrightText": "NOASSERTION", "FileComment": "", "FileNotice": "", "File Relationship": "SPDXRef-file-has_many_test_rb-ea10-238c2be6 CONTAINED_BY SPDXRef-package-activeresource-de33-d0a475ef"}, "File 100": {"FileName": "./test/cases/associations/builder/has_one_test.rb", "SPDXID": "SPDXRef-file-has_one_test_rb-c2b9-b0c82558", "FileType": "SOURCE", "FileChecksum": "SHA256: c2b97b7a9e7b701991197ed9e85966f51ee655e6699722238b61cd37aeed1b35", "LicenseConcluded": "NOASSERTION", "LicenseInfoInFile": "NOASSERTION", "LicenseComments": "", "FileCopyrightText": "NOASSERTION", "FileComment": "", "FileNotice": "", "File Relationship": "SPDXRef-file-has_one_test_rb-c2b9-b0c82558 CONTAINED_BY SPDXRef-package-activeresource-de33-d0a475ef"}, "File 101": {"FileName": "./test/cases/authorization_test.rb", "SPDXID": "SPDXRef-file-authorization_test_r-79de-5a1438e4", "FileType": "SOURCE", "FileChecksum": "SHA256: 79deabaacf1d078d67f968a0bf4b4ff6fcd36e259c070bf9adfe67fb09d367dd", "LicenseConcluded": "NOASSERTION", "LicenseInfoInFile": "NOASSERTION", "LicenseComments": "", "FileCopyrightText": "NOASSERTION", "FileComment": "", "FileNotice": "", "File Relationship": "SPDXRef-file-authorization_test_r-79de-5a1438e4 CONTAINED_BY SPDXRef-package-activeresource-de33-d0a475ef"}, "File 102": {"FileName": "./test/cases/base/custom_methods_test.rb", "SPDXID": "SPDXRef-file-custom_methods_test_-4f70-0aa74455", "FileType": "SOURCE", "FileChecksum": "SHA256: 4f709b84a66d1d44749e96959c5e6fc6342c56e0c5471bccabe516b1ade3509a", "LicenseConcluded": "NOASSERTION", "LicenseInfoInFile": "NOASSERTION", "LicenseComments": "", "FileCopyrightText": "NOASSERTION", "FileComment": "", "FileNotice": "", "File Relationship": "SPDXRef-file-custom_methods_test_-4f70-0aa74455 CONTAINED_BY SPDXRef-package-activeresource-de33-d0a475ef"}, "File 103": {"FileName": "./test/cases/base/equality_test.rb", "SPDXID": "SPDXRef-file-equality_test_rb-56bd-fceaad38", "FileType": "SOURCE", "FileChecksum": "SHA256: 56bdbbea5dac40e18d1301b15822b31750135c965ab2e8498747d18ecb69250e", "LicenseConcluded": "NOASSERTION", "LicenseInfoInFile": "NOASSERTION", "LicenseComments": "", "FileCopyrightText": "NOASSERTION", "FileComment": "", "FileNotice": "", "File Relationship": "SPDXRef-file-equality_test_rb-56bd-fceaad38 CONTAINED_BY SPDXRef-package-activeresource-de33-d0a475ef"}, "File 104": {"FileName": "./test/cases/base/load_test.rb", "SPDXID": "SPDXRef-file-load_test_rb-73cf-0a2e3276", "FileType": "SOURCE", "FileChecksum": "SHA256: 73cf5de243b0cb304884e023bf416265d6331cc1dc28b9e05809eb08c4de05d8", "LicenseConcluded": "NOASSERTION", "LicenseInfoInFile": "NOASSERTION", "LicenseComments": "", "FileCopyrightText": "NOASSERTION", "FileComment": "", "FileNotice": "", "File Relationship": "SPDXRef-file-load_test_rb-73cf-0a2e3276 CONTAINED_BY SPDXRef-package-activeresource-de33-d0a475ef"}, "File 105": {"FileName": "./test/cases/base/schema_test.rb", "SPDXID": "SPDXRef-file-schema_test_rb-4e72-c869fa94", "FileType": "SOURCE", "FileChecksum": "SHA256: 4e7266d97ba2af8db83b87dc6ae060e017a5ed8336b847587f34b919278f2c0f", "LicenseConcluded": "NOASSERTION", "LicenseInfoInFile": "NOASSERTION", "LicenseComments": "", "FileCopyrightText": "NOASSERTION", "FileComment": "", "FileNotice": "", "File Relationship": "SPDXRef-file-schema_test_rb-4e72-c869fa94 CONTAINED_BY SPDXRef-package-activeresource-de33-d0a475ef"}, "File 106": {"FileName": "./test/cases/base_errors_test.rb", "SPDXID": "SPDXRef-file-base_errors_test_rb-d6a9-65d7f05f", "FileType": "SOURCE", "FileChecksum": "SHA256: d6a9a9285f3d413fc132db05b7fa7a88483c424c7caff1a3f0f6d8cdb1e0e5a9", "LicenseConcluded": "NOASSERTION", "LicenseInfoInFile": "NOASSERTION", "LicenseComments": "", "FileCopyrightText": "NOASSERTION", "FileComment": "", "FileNotice": "", "File Relationship": "SPDXRef-file-base_errors_test_rb-d6a9-65d7f05f CONTAINED_BY SPDXRef-package-activeresource-de33-d0a475ef"}, "File 107": {"FileName": "./test/cases/base_test.rb", "SPDXID": "SPDXRef-file-base_test_rb-df1d-22ca00e3", "FileType": "SOURCE", "FileChecksum": "SHA256: df1ded6382d9c7958d3a832c9a38dd40c652daf7e638f1d6946f69a8807f4454", "LicenseConcluded": "NOASSERTION", "LicenseInfoInFile": "NOASSERTION", "LicenseComments": "", "FileCopyrightText": "NOASSERTION", "FileComment": "", "FileNotice": "", "File Relationship": "SPDXRef-file-base_test_rb-df1d-22ca00e3 CONTAINED_BY SPDXRef-package-activeresource-de33-d0a475ef"}, "File 108": {"FileName": "./test/cases/callbacks_test.rb", "SPDXID": "SPDXRef-file-callbacks_test_rb-23a2-f3aaf4b4", "FileType": "SOURCE", "FileChecksum": "SHA256: 23a2b19ea254121ccda46cfe17d71c0b9250b30bcd73c8ac0890b7680205fb3d", "LicenseConcluded": "NOASSERTION", "LicenseInfoInFile": "NOASSERTION", "LicenseComments": "", "FileCopyrightText": "NOASSERTION", "FileComment": "", "FileNotice": "", "File Relationship": "SPDXRef-file-callbacks_test_rb-23a2-f3aaf4b4 CONTAINED_BY SPDXRef-package-activeresource-de33-d0a475ef"}, "File 109": {"FileName": "./test/cases/collection_test.rb", "SPDXID": "SPDXRef-file-collection_test_rb-e21f-7fe66f18", "FileType": "SOURCE", "FileChecksum": "SHA256: e21ff56011ce364da33cbabd787f66cb94149cdc7a6857515c3d7b17dd40866e", "LicenseConcluded": "NOASSERTION", "LicenseInfoInFile": "NOASSERTION", "LicenseComments": "", "FileCopyrightText": "NOASSERTION", "FileComment": "", "FileNotice": "", "File Relationship": "SPDXRef-file-collection_test_rb-e21f-7fe66f18 CONTAINED_BY SPDXRef-package-activeresource-de33-d0a475ef"}, "File 110": {"FileName": "./test/cases/connection_test.rb", "SPDXID": "SPDXRef-file-connection_test_rb-ca71-543dedd3", "FileType": "SOURCE", "FileChecksum": "SHA256: ca71a6fd67afdec7ed309c456d2d02c4eaa06492f89d8baffc130eb176fd408f", "LicenseConcluded": "NOASSERTION", "LicenseInfoInFile": "NOASSERTION", "LicenseComments": "", "FileCopyrightText": "NOASSERTION", "FileComment": "", "FileNotice": "", "File Relationship": "SPDXRef-file-connection_test_rb-ca71-543dedd3 CONTAINED_BY SPDXRef-package-activeresource-de33-d0a475ef"}, "File 111": {"FileName": "./test/cases/finder_test.rb", "SPDXID": "SPDXRef-file-finder_test_rb-6d91-635be202", "FileType": "SOURCE", "FileChecksum": "SHA256: 6d910a8889da46c6e4d8d6633c9d028b27b3d6aa7e96c431085e54343b5c8e00", "LicenseConcluded": "NOASSERTION", "LicenseInfoInFile": "NOASSERTION", "LicenseComments": "", "FileCopyrightText": "NOASSERTION", "FileComment": "", "FileNotice": "", "File Relationship": "SPDXRef-file-finder_test_rb-6d91-635be202 CONTAINED_BY SPDXRef-package-activeresource-de33-d0a475ef"}, "File 112": {"FileName": "./test/cases/format_test.rb", "SPDXID": "SPDXRef-file-format_test_rb-b8e7-39c88af0", "FileType": "SOURCE", "FileChecksum": "SHA256: b8e71059137c518920d6a487934685f7ec4295f0784df82298c1371b30c9d72a", "LicenseConcluded": "NOASSERTION", "LicenseInfoInFile": "NOASSERTION", "LicenseComments": "", "FileCopyrightText": "NOASSERTION", "FileComment": "", "FileNotice": "", "File Relationship": "SPDXRef-file-format_test_rb-b8e7-39c88af0 CONTAINED_BY SPDXRef-package-activeresource-de33-d0a475ef"}, "File 113": {"FileName": "./test/cases/http_mock_test.rb", "SPDXID": "SPDXRef-file-http_mock_test_rb-0bd7-1e7c739c", "FileType": "SOURCE", "FileChecksum": "SHA256: 0bd7451f08a6d59c912c85f28fae48173af9d70ddd6a0ff25ac308982e7fe804", "LicenseConcluded": "NOASSERTION", "LicenseInfoInFile": "NOASSERTION", "LicenseComments": "", "FileCopyrightText": "NOASSERTION", "FileComment": "", "FileNotice": "", "File Relationship": "SPDXRef-file-http_mock_test_rb-0bd7-1e7c739c CONTAINED_BY SPDXRef-package-activeresource-de33-d0a475ef"}, "File 114": {"FileName": "./test/cases/log_subscriber_test.rb", "SPDXID": "SPDXRef-file-log_subscriber_test_-9f12-7c6893bb", "FileType": "SOURCE", "FileChecksum": "SHA256: 9f12b7ea13c5aa6b898a988f5814264b8785b62dd1e45b1ea5d38d7f9997b803", "LicenseConcluded": "NOASSERTION", "LicenseInfoInFile": "NOASSERTION", "LicenseComments": "", "FileCopyrightText": "NOASSERTION", "FileComment": "", "FileNotice": "", "File Relationship": "SPDXRef-file-log_subscriber_test_-9f12-7c6893bb CONTAINED_BY SPDXRef-package-activeresource-de33-d0a475ef"}, "File 115": {"FileName": "./test/cases/reflection_test.rb", "SPDXID": "SPDXRef-file-reflection_test_rb-fea8-68352f39", "FileType": "SOURCE", "FileChecksum": "SHA256: fea8e5fe77eb984524be357bff50497cf8201eda1b8b88134ea4f816ebacdeb7", "LicenseConcluded": "NOASSERTION", "LicenseInfoInFile": "NOASSERTION", "LicenseComments": "", "FileCopyrightText": "NOASSERTION", "FileComment": "", "FileNotice": "", "File Relationship": "SPDXRef-file-reflection_test_rb-fea8-68352f39 CONTAINED_BY SPDXRef-package-activeresource-de33-d0a475ef"}, "File 116": {"FileName": "./test/cases/validations_test.rb", "SPDXID": "SPDXRef-file-validations_test_rb-dabc-de20712b", "FileType": "SOURCE", "FileChecksum": "SHA256: dabcb491c7b99a72b0918bc8d7ffcd807d9a5ac0585bf4b18c4d6d19ef9f3668", "LicenseConcluded": "NOASSERTION", "LicenseInfoInFile": "NOASSERTION", "LicenseComments": "", "FileCopyrightText": "NOASSERTION", "FileComment": "", "FileNotice": "", "File Relationship": "SPDXRef-file-validations_test_rb-dabc-de20712b CONTAINED_BY SPDXRef-package-activeresource-de33-d0a475ef"}, "File 117": {"FileName": "./test/fixtures/address.rb", "SPDXID": "SPDXRef-file-address_rb-7dc0-f7acc987", "FileType": "SOURCE", "FileChecksum": "SHA256: 7dc09034d68a7d9a86473f57e350be9aed50ddf2f0cc9f0b88ec20f9fdc27322", "LicenseConcluded": "NOASSERTION", "LicenseInfoInFile": "NOASSERTION", "LicenseComments": "", "FileCopyrightText": "NOASSERTION", "FileComment": "", "FileNotice": "", "File Relationship": "SPDXRef-file-address_rb-7dc0-f7acc987 CONTAINED_BY SPDXRef-package-activeresource-de33-d0a475ef"}, "File 118": {"FileName": "./test/fixtures/beast.rb", "SPDXID": "SPDXRef-file-beast_rb-2a96-c06bc02c", "FileType": "SOURCE", "FileChecksum": "SHA256: 2a96cd80a0e0f6fb8d3e207cae81a2ff6759d6e49ad09355eee71e42c6eb938f", "LicenseConcluded": "NOASSERTION", "LicenseInfoInFile": "NOASSERTION", "LicenseComments": "", "FileCopyrightText": "NOASSERTION", "FileComment": "", "FileNotice": "", "File Relationship": "SPDXRef-file-beast_rb-2a96-c06bc02c CONTAINED_BY SPDXRef-package-activeresource-de33-d0a475ef"}, "File 119": {"FileName": "./test/fixtures/comment.rb", "SPDXID": "SPDXRef-file-comment_rb-d0ae-87371e36", "FileType": "SOURCE", "FileChecksum": "SHA256: d0ae51368e9b693d6644120227c8a54b90ad92d57a2389d08733154b7fb220ee", "LicenseConcluded": "NOASSERTION", "LicenseInfoInFile": "NOASSERTION", "LicenseComments": "", "FileCopyrightText": "NOASSERTION", "FileComment": "", "FileNotice": "", "File Relationship": "SPDXRef-file-comment_rb-d0ae-87371e36 CONTAINED_BY SPDXRef-package-activeresource-de33-d0a475ef"}, "File 120": {"FileName": "./test/fixtures/customer.rb", "SPDXID": "SPDXRef-file-customer_rb-a392-858fb73d", "FileType": "SOURCE", "FileChecksum": "SHA256: a3920f3cf50713907038d600b78e8a1b436d73d088901e66349c55d955fe9fc2", "LicenseConcluded": "NOASSERTION", "LicenseInfoInFile": "NOASSERTION", "LicenseComments": "", "FileCopyrightText": "NOASSERTION", "FileComment": "", "FileNotice": "", "File Relationship": "SPDXRef-file-customer_rb-a392-858fb73d CONTAINED_BY SPDXRef-package-activeresource-de33-d0a475ef"}, "File 121": {"FileName": "./test/fixtures/inventory.rb", "SPDXID": "SPDXRef-file-inventory_rb-9d2a-41c6280f", "FileType": "SOURCE", "FileChecksum": "SHA256: 9d2a382a7dafff24127af17b516f926f14bbddeb2278868c05a6ed44725bf71e", "LicenseConcluded": "NOASSERTION", "LicenseInfoInFile": "NOASSERTION", "LicenseComments": "", "FileCopyrightText": "NOASSERTION", "FileComment": "", "FileNotice": "", "File Relationship": "SPDXRef-file-inventory_rb-9d2a-41c6280f CONTAINED_BY SPDXRef-package-activeresource-de33-d0a475ef"}, "File 122": {"FileName": "./test/fixtures/person.rb", "SPDXID": "SPDXRef-file-person_rb-f11e-06b1a6bf", "FileType": "SOURCE", "FileChecksum": "SHA256: f11e9f880b314fb56abda0da3f94016965047c5e2e82dace05e75df53278642a", "LicenseConcluded": "NOASSERTION", "LicenseInfoInFile": "NOASSERTION", "LicenseComments": "", "FileCopyrightText": "NOASSERTION", "FileComment": "", "FileNotice": "", "File Relationship": "SPDXRef-file-person_rb-f11e-06b1a6bf CONTAINED_BY SPDXRef-package-activeresource-de33-d0a475ef"}, "File 123": {"FileName": "./test/fixtures/post.rb", "SPDXID": "SPDXRef-file-post_rb-bf0d-36c1591a", "FileType": "SOURCE", "FileChecksum": "SHA256: bf0d161cd335c6c02a9452dc27ade6cda6c4b3a6fe9ecb0033871b5f8648ad18", "LicenseConcluded": "NOASSERTION", "LicenseInfoInFile": "NOASSERTION", "LicenseComments": "", "FileCopyrightText": "NOASSERTION", "FileComment": "", "FileNotice": "", "File Relationship": "SPDXRef-file-post_rb-bf0d-36c1591a CONTAINED_BY SPDXRef-package-activeresource-de33-d0a475ef"}, "File 124": {"FileName": "./test/fixtures/product.rb", "SPDXID": "SPDXRef-file-product_rb-3728-5c1262d7", "FileType": "SOURCE", "FileChecksum": "SHA256: 372825ab1c6cbed0af5b55b775b4b1465d99d6f87f36c7ab89b71a0bda346d83", "LicenseConcluded": "NOASSERTION", "LicenseInfoInFile": "NOASSERTION", "LicenseComments": "", "FileCopyrightText": "NOASSERTION", "FileComment": "", "FileNotice": "", "File Relationship": "SPDXRef-file-product_rb-3728-5c1262d7 CONTAINED_BY SPDXRef-package-activeresource-de33-d0a475ef"}, "File 125": {"FileName": "./test/fixtures/project.rb", "SPDXID": "SPDXRef-file-project_rb-e8d3-6e890e14", "FileType": "SOURCE", "FileChecksum": "SHA256: e8d3433c99a2f7bfa663b3261f6ea7cb090f2ebcb2ee0da16ff7053288cc9b3c", "LicenseConcluded": "NOASSERTION", "LicenseInfoInFile": "NOASSERTION", "LicenseComments": "", "FileCopyrightText": "NOASSERTION", "FileComment": "", "FileNotice": "", "File Relationship": "SPDXRef-file-project_rb-e8d3-6e890e14 CONTAINED_BY SPDXRef-package-activeresource-de33-d0a475ef"}, "File 126": {"FileName": "./test/fixtures/proxy.rb", "SPDXID": "SPDXRef-file-proxy_rb-c6ff-ab138751", "FileType": "SOURCE", "FileChecksum": "SHA256: c6ff0046632315ae521baa016ccea6fb2706c1b6fd7e565411946e453fdda36b", "LicenseConcluded": "NOASSERTION", "LicenseInfoInFile": "NOASSERTION", "LicenseComments": "", "FileCopyrightText": "NOASSERTION", "FileComment": "", "FileNotice": "", "File Relationship": "SPDXRef-file-proxy_rb-c6ff-ab138751 CONTAINED_BY SPDXRef-package-activeresource-de33-d0a475ef"}, "File 127": {"FileName": "./test/fixtures/sound.rb", "SPDXID": "SPDXRef-file-sound_rb-2993-056b4d19", "FileType": "SOURCE", "FileChecksum": "SHA256: 29931e7a1ee80dc93f4021709274d6d0dced296098bab2af3afc69f12ada420d", "LicenseConcluded": "NOASSERTION", "LicenseInfoInFile": "NOASSERTION", "LicenseComments": "", "FileCopyrightText": "NOASSERTION", "FileComment": "", "FileNotice": "", "File Relationship": "SPDXRef-file-sound_rb-2993-056b4d19 CONTAINED_BY SPDXRef-package-activeresource-de33-d0a475ef"}, "File 128": {"FileName": "./test/fixtures/street_address.rb", "SPDXID": "SPDXRef-file-street_address_rb-0d30-3ff391e4", "FileType": "SOURCE", "FileChecksum": "SHA256: 0d3043cb4ba4626516fd42fc517da6a7aa2b6d69bacea7b949dbe2725ef652b4", "LicenseConcluded": "NOASSERTION", "LicenseInfoInFile": "NOASSERTION", "LicenseComments": "", "FileCopyrightText": "NOASSERTION", "FileComment": "", "FileNotice": "", "File Relationship": "SPDXRef-file-street_address_rb-0d30-3ff391e4 CONTAINED_BY SPDXRef-package-activeresource-de33-d0a475ef"}, "File 129": {"FileName": "./test/fixtures/subscription_plan.rb", "SPDXID": "SPDXRef-file-subscription_plan_rb-7a2f-90f710c7", "FileType": "SOURCE", "FileChecksum": "SHA256: 7a2f4cffb4e263dd47a60bef641edc74375d811d1d974e43573553b836023e39", "LicenseConcluded": "NOASSERTION", "LicenseInfoInFile": "NOASSERTION", "LicenseComments": "", "FileCopyrightText": "NOASSERTION", "FileComment": "", "FileNotice": "", "File Relationship": "SPDXRef-file-subscription_plan_rb-7a2f-90f710c7 CONTAINED_BY SPDXRef-package-activeresource-de33-d0a475ef"}, "File 130": {"FileName": "./test/fixtures/weather.rb", "SPDXID": "SPDXRef-file-weather_rb-73ad-78e0ca3f", "FileType": "SOURCE", "FileChecksum": "SHA256: 73ad2734fe626031d3802c7e162ae3f1bd2c8af72463055d2c017ef8b01d6276", "LicenseConcluded": "NOASSERTION", "LicenseInfoInFile": "NOASSERTION", "LicenseComments": "", "FileCopyrightText": "NOASSERTION", "FileComment": "", "FileNotice": "", "File Relationship": "SPDXRef-file-weather_rb-73ad-78e0ca3f CONTAINED_BY SPDXRef-package-activeresource-de33-d0a475ef"}, "File 131": {"FileName": "./test/setter_trap.rb", "SPDXID": "SPDXRef-file-setter_trap_rb-efbd-ba6909cb", "FileType": "SOURCE", "FileChecksum": "SHA256: efbde2283b0db1a3cbffc730b559ecac25d8bc227a880e84c24ea4af6b1bd05b", "LicenseConcluded": "NOASSERTION", "LicenseInfoInFile": "NOASSERTION", "LicenseComments": "", "FileCopyrightText": "NOASSERTION", "FileComment": "", "FileNotice": "", "File Relationship": "SPDXRef-file-setter_trap_rb-efbd-ba6909cb CONTAINED_BY SPDXRef-package-activeresource-de33-d0a475ef"}, "File 132": {"FileName": "./test/singleton_test.rb", "SPDXID": "SPDXRef-file-singleton_test_rb-1cf8-3096ebf1", "FileType": "SOURCE", "FileChecksum": "SHA256: 1cf888245aad8861d1c9a42bc79d64a77306513aa28f779f99d0302581cc38fc", "LicenseConcluded": "NOASSERTION", "LicenseInfoInFile": "NOASSERTION", "LicenseComments": "", "FileCopyrightText": "NOASSERTION", "FileComment": "", "FileNotice": "", "File Relationship": "SPDXRef-file-singleton_test_rb-1cf8-3096ebf1 CONTAINED_BY SPDXRef-package-activeresource-de33-d0a475ef"}, "File 133": {"FileName": "./test/threadsafe_attributes_test.rb", "SPDXID": "SPDXRef-file-threadsafe_attribute-d9db-646956eb", "FileType": "SOURCE", "FileChecksum": "SHA256: d9dbbbcd3f0826feb5b29f9b9566a77edf9597d29069ac42e1729e5990521231", "LicenseConcluded": "NOASSERTION", "LicenseInfoInFile": "NOASSERTION", "LicenseComments": "", "FileCopyrightText": "NOASSERTION", "FileComment": "", "FileNotice": "", "File Relationship": "SPDXRef-file-threadsafe_attribute-d9db-646956eb CONTAINED_BY SPDXRef-package-activeresource-de33-d0a475ef"}}, "Package Relationships": {"Relationship 0": "SPDXRef-DOCUMENT DESCRIBES SPDXRef-file-activeresource_gemsp-557f-17ced56c", "Relationship 1": "SPDXRef-DOCUMENT DESCRIBES SPDXRef-file-CHANGELOG_md-9105-a9fcdb43", "Relationship 2": "SPDXRef-DOCUMENT DESCRIBES SPDXRef-file-CONTRIBUTING_md-30b0-8d5ca00c", "Relationship 3": "SPDXRef-DOCUMENT DESCRIBES SPDXRef-file-performance_rb-38f4-49c05f7e", "Relationship 4": "SPDXRef-DOCUMENT DESCRIBES SPDXRef-file-Gemfile-ed0c-5a241d84", "Relationship 5": "SPDXRef-DOCUMENT DESCRIBES SPDXRef-file-config-30cc-9f4e8662", "Relationship 6": "SPDXRef-DOCUMENT DESCRIBES SPDXRef-file-description-85ab-be58635d", "Relationship 7": "SPDXRef-DOCUMENT DESCRIBES SPDXRef-file-FETCH_HEAD-f859-cbd00044", "Relationship 8": "SPDXRef-DOCUMENT DESCRIBES SPDXRef-file-HEAD-f6f2-78b3abcb", "Relationship 9": "SPDXRef-DOCUMENT DESCRIBES SPDXRef-file-applypatch_msg_sampl-0223-5c5621f2", "Relationship 10": "SPDXRef-DOCUMENT DESCRIBES SPDXRef-file-commit_msg_sample-1f74-cfa8ea67", "Relationship 11": "SPDXRef-DOCUMENT DESCRIBES SPDXRef-file-fsmonitor_watchman_s-7f9c-b3e3d942", "Relationship 12": "SPDXRef-DOCUMENT DESCRIBES SPDXRef-file-post_update_sample-8176-3d610d04", "Relationship 13": "SPDXRef-DOCUMENT DESCRIBES SPDXRef-file-pre_applypatch_sampl-e15c-fb2755bd", "Relationship 14": "SPDXRef-DOCUMENT DESCRIBES SPDXRef-file-pre_commit_sample-d6d1-d704db00", "Relationship 15": "SPDXRef-DOCUMENT DESCRIBES SPDXRef-file-prepare_commit_msg_s-e9dd-e9ffbf99", "Relationship 16": "SPDXRef-DOCUMENT DESCRIBES SPDXRef-file-pre_push_sample-4b11-971cb1fc", "Relationship 17": "SPDXRef-DOCUMENT DESCRIBES SPDXRef-file-pre_rebase_sample-4feb-5b952541", "Relationship 18": "SPDXRef-DOCUMENT DESCRIBES SPDXRef-file-pre_receive_sample-a4c3-ecb93c67", "Relationship 19": "SPDXRef-DOCUMENT DESCRIBES SPDXRef-file-update_sample-751c-2c233399", "Relationship 20": "SPDXRef-DOCUMENT DESCRIBES SPDXRef-file-stale_yml-a9a6-c41a36a0", "Relationship 21": "SPDXRef-DOCUMENT DESCRIBES SPDXRef-file-_gitignore-54eb-2ad2f76a", "Relationship 22": "SPDXRef-DOCUMENT DESCRIBES SPDXRef-file-index-2f2a-9cbd46c7", "Relationship 23": "SPDXRef-DOCUMENT DESCRIBES SPDXRef-file-exclude-6671-e241a9c1", "Relationship 24": "SPDXRef-DOCUMENT DESCRIBES SPDXRef-file-HEAD-0cbc-069c3019", "Relationship 25": "SPDXRef-DOCUMENT DESCRIBES SPDXRef-file-master-0cbc-66a30a19", "Relationship 26": "SPDXRef-DOCUMENT DESCRIBES SPDXRef-file-HEAD-ea78-47351808", "Relationship 27": "SPDXRef-DOCUMENT DESCRIBES SPDXRef-file-master-51d0-4c9f9916", "Relationship 28": "SPDXRef-DOCUMENT DESCRIBES SPDXRef-file-5570a41370200f741ed1-df0a-9cf22d0a", "Relationship 29": "SPDXRef-DOCUMENT DESCRIBES SPDXRef-file-117813776361b33a69fe-9d48-6ed570b2", "Relationship 30": "SPDXRef-DOCUMENT DESCRIBES SPDXRef-file-67c9d2946c6608657e86-4e27-e55387b2", "Relationship 31": "SPDXRef-DOCUMENT DESCRIBES SPDXRef-file-058143a6becbbe0c94b8-e124-d9104a35", "Relationship 32": "SPDXRef-DOCUMENT DESCRIBES SPDXRef-file-0d85e5fd5358a8f43641-94b4-2aa150f6", "Relationship 33": "SPDXRef-DOCUMENT DESCRIBES SPDXRef-file-bfb0a63808cb1e7005e5-5daf-9e3aec70", "Relationship 34": "SPDXRef-DOCUMENT DESCRIBES SPDXRef-file-48e3ffeee9abe718d5f3-a964-00d5fc4b", "Relationship 35": "SPDXRef-DOCUMENT DESCRIBES SPDXRef-file-a666460a68ac79821d84-f9bf-b14fc131", "Relationship 36": "SPDXRef-DOCUMENT DESCRIBES SPDXRef-file-4bf7d72c3a78cb7b3527-c735-75d1d716", "Relationship 37": "SPDXRef-DOCUMENT DESCRIBES SPDXRef-file-046665937dbfbcf657cf-217c-5c837467", "Relationship 38": "SPDXRef-DOCUMENT DESCRIBES SPDXRef-file-0845f2fbafd93555a77d-b790-951a70c8", "Relationship 39": "SPDXRef-DOCUMENT DESCRIBES SPDXRef-file-4a7d574974159ebb1d9f-1ee0-c1e600e0", "Relationship 40": "SPDXRef-DOCUMENT DESCRIBES SPDXRef-file-cedae3019f022a301aad-7feb-ac0990df", "Relationship 41": "SPDXRef-DOCUMENT DESCRIBES SPDXRef-file-cbc16daae432340ab5fe-fa72-d2fff189", "Relationship 42": "SPDXRef-DOCUMENT DESCRIBES SPDXRef-file-ad4fc62b2501c90801da-1b74-24209a32", "Relationship 43": "SPDXRef-DOCUMENT DESCRIBES SPDXRef-file-a30b17d1201425e6bef2-af89-d07daa30", "Relationship 44": "SPDXRef-DOCUMENT DESCRIBES SPDXRef-file-ee6fd5a42f7c1db122d9-c005-26620b21", "Relationship 45": "SPDXRef-DOCUMENT DESCRIBES SPDXRef-file-8ae7d1c9cc870a67601b-f910-3d615f85", "Relationship 46": "SPDXRef-DOCUMENT DESCRIBES SPDXRef-file-d919c8b02049f6f695d2-b4c1-6b2870f9", "Relationship 47": "SPDXRef-DOCUMENT DESCRIBES SPDXRef-file-785712bf7c73351ab5c5-8827-b9099e30", "Relationship 48": "SPDXRef-DOCUMENT DESCRIBES SPDXRef-file-9deedf06a554668caa5b-8876-ea896846", "Relationship 49": "SPDXRef-DOCUMENT DESCRIBES SPDXRef-file-b86429701b10d275e44d-9d2b-a393794b", "Relationship 50": "SPDXRef-DOCUMENT DESCRIBES SPDXRef-file-98b9925224064c49362d-6dbc-443151cf", "Relationship 51": "SPDXRef-DOCUMENT DESCRIBES SPDXRef-file-86ff67ac1d494d836dca-7eb6-cfc7d344", "Relationship 52": "SPDXRef-DOCUMENT DESCRIBES SPDXRef-file-6f109592d97966f339a3-0bb3-034d415a", "Relationship 53": "SPDXRef-DOCUMENT DESCRIBES SPDXRef-file-67497b23e4f1e2522374-ab69-05cc23da", "Relationship 54": "SPDXRef-DOCUMENT DESCRIBES SPDXRef-file-c6b9f4ae143e47b7053a-6c0a-ac9aaab5", "Relationship 55": "SPDXRef-DOCUMENT DESCRIBES SPDXRef-file-pack_88408def47ff87b-ca9a-a2b2ca1b", "Relationship 56": "SPDXRef-DOCUMENT DESCRIBES SPDXRef-file-pack_88408def47ff87b-f4f2-7e2cf914", "Relationship 57": "SPDXRef-DOCUMENT DESCRIBES SPDXRef-file-ORIG_HEAD-336b-85545111", "Relationship 58": "SPDXRef-DOCUMENT DESCRIBES SPDXRef-file-packed_refs-c7fa-cbe1ba13", "Relationship 59": "SPDXRef-DOCUMENT DESCRIBES SPDXRef-file-master-336b-2c5889e9", "Relationship 60": "SPDXRef-DOCUMENT DESCRIBES SPDXRef-file-HEAD-cdc6-eb12b457", "Relationship 61": "SPDXRef-DOCUMENT DESCRIBES SPDXRef-file-master-336b-a45bdb2b", "Relationship 62": "SPDXRef-DOCUMENT DESCRIBES SPDXRef-file-active_job_serialize-59f2-6b9b1d25", "Relationship 63": "SPDXRef-DOCUMENT DESCRIBES SPDXRef-file-association_rb-e8d2-ad875b50", "Relationship 64": "SPDXRef-DOCUMENT DESCRIBES SPDXRef-file-belongs_to_rb-fd55-2d9944ba", "Relationship 65": "SPDXRef-DOCUMENT DESCRIBES SPDXRef-file-has_many_rb-69d4-07225673", "Relationship 66": "SPDXRef-DOCUMENT DESCRIBES SPDXRef-file-has_one_rb-4a64-bd074dd3", "Relationship 67": "SPDXRef-DOCUMENT DESCRIBES SPDXRef-file-associations_rb-f47a-3f6108e5", "Relationship 68": "SPDXRef-DOCUMENT DESCRIBES SPDXRef-file-base_rb-d63d-b9d6da58", "Relationship 69": "SPDXRef-DOCUMENT DESCRIBES SPDXRef-file-callbacks_rb-f8fc-e03090ec", "Relationship 70": "SPDXRef-DOCUMENT DESCRIBES SPDXRef-file-collection_rb-a530-35e9d042", "Relationship 71": "SPDXRef-DOCUMENT DESCRIBES SPDXRef-file-connection_rb-612e-c93d6bf5", "Relationship 72": "SPDXRef-DOCUMENT DESCRIBES SPDXRef-file-custom_methods_rb-004f-449ef240", "Relationship 73": "SPDXRef-DOCUMENT DESCRIBES SPDXRef-file-exceptions_rb-68e9-44196faa", "Relationship 74": "SPDXRef-DOCUMENT DESCRIBES SPDXRef-file-json_format_rb-602e-1fdbebdf", "Relationship 75": "SPDXRef-DOCUMENT DESCRIBES SPDXRef-file-formats_rb-c615-377b3ea4", "Relationship 76": "SPDXRef-DOCUMENT DESCRIBES SPDXRef-file-xml_format_rb-7aa4-35444578", "Relationship 77": "SPDXRef-DOCUMENT DESCRIBES SPDXRef-file-http_mock_rb-b2d1-4953b618", "Relationship 78": "SPDXRef-DOCUMENT DESCRIBES SPDXRef-file-log_subscriber_rb-9729-f9a8f017", "Relationship 79": "SPDXRef-DOCUMENT DESCRIBES SPDXRef-file-observing_rb-e3b0-d955e00d", "Relationship 80": "SPDXRef-DOCUMENT DESCRIBES SPDXRef-file-railtie_rb-847a-11999cb6", "Relationship 81": "SPDXRef-DOCUMENT DESCRIBES SPDXRef-file-active_resource_rb-8ca9-18b6fd35", "Relationship 82": "SPDXRef-DOCUMENT DESCRIBES SPDXRef-file-activeresource_rb-2727-c0315d47", "Relationship 83": "SPDXRef-DOCUMENT DESCRIBES SPDXRef-file-reflection_rb-18b6-5d346853", "Relationship 84": "SPDXRef-DOCUMENT DESCRIBES SPDXRef-file-schema_rb-c4f9-c0328277", "Relationship 85": "SPDXRef-DOCUMENT DESCRIBES SPDXRef-file-singleton_rb-3b5e-48f73945", "Relationship 86": "SPDXRef-DOCUMENT DESCRIBES SPDXRef-file-threadsafe_attribute-7854-26891bab", "Relationship 87": "SPDXRef-DOCUMENT DESCRIBES SPDXRef-file-validations_rb-da65-c6193cbd", "Relationship 88": "SPDXRef-DOCUMENT DESCRIBES SPDXRef-file-version_rb-1031-b7b653dc", "Relationship 89": "SPDXRef-DOCUMENT DESCRIBES SPDXRef-file-MIT_LICENSE-c22a-a2d7a376", "Relationship 90": "SPDXRef-DOCUMENT DESCRIBES SPDXRef-file-Rakefile-b896-f0044558", "Relationship 91": "SPDXRef-DOCUMENT DESCRIBES SPDXRef-file-README_rdoc-ac7b-eb500621", "Relationship 92": "SPDXRef-DOCUMENT DESCRIBES SPDXRef-file-_rubocop_https___raw-2a40-3877fe0d", "Relationship 93": "SPDXRef-DOCUMENT DESCRIBES SPDXRef-file-_rubocop_yml-d117-bece77e9", "Relationship 94": "SPDXRef-DOCUMENT DESCRIBES SPDXRef-file-abstract_unit_rb-c9c8-53446d18", "Relationship 95": "SPDXRef-DOCUMENT DESCRIBES SPDXRef-file-active_job_serialize-6838-2372c694", "Relationship 96": "SPDXRef-DOCUMENT DESCRIBES SPDXRef-file-belongs_to_test_rb-db69-99757d79", "Relationship 97": "SPDXRef-DOCUMENT DESCRIBES SPDXRef-file-has_many_test_rb-ea10-238c2be6", "Relationship 98": "SPDXRef-DOCUMENT DESCRIBES SPDXRef-file-has_one_test_rb-c2b9-b0c82558", "Relationship 99": "SPDXRef-DOCUMENT DESCRIBES SPDXRef-file-association_test_rb-a1cf-990bd1e9", "Relationship 100": "SPDXRef-DOCUMENT DESCRIBES SPDXRef-file-authorization_test_r-79de-5a1438e4", "Relationship 101": "SPDXRef-DOCUMENT DESCRIBES SPDXRef-file-custom_methods_test_-4f70-0aa74455", "Relationship 102": "SPDXRef-DOCUMENT DESCRIBES SPDXRef-file-equality_test_rb-56bd-fceaad38", "Relationship 103": "SPDXRef-DOCUMENT DESCRIBES SPDXRef-file-base_errors_test_rb-d6a9-65d7f05f", "Relationship 104": "SPDXRef-DOCUMENT DESCRIBES SPDXRef-file-load_test_rb-73cf-0a2e3276", "Relationship 105": "SPDXRef-DOCUMENT DESCRIBES SPDXRef-file-schema_test_rb-4e72-c869fa94", "Relationship 106": "SPDXRef-DOCUMENT DESCRIBES SPDXRef-file-base_test_rb-df1d-22ca00e3", "Relationship 107": "SPDXRef-DOCUMENT DESCRIBES SPDXRef-file-callbacks_test_rb-23a2-f3aaf4b4", "Relationship 108": "SPDXRef-DOCUMENT DESCRIBES SPDXRef-file-collection_test_rb-e21f-7fe66f18", "Relationship 109": "SPDXRef-DOCUMENT DESCRIBES SPDXRef-file-connection_test_rb-ca71-543dedd3", "Relationship 110": "SPDXRef-DOCUMENT DESCRIBES SPDXRef-file-finder_test_rb-6d91-635be202", "Relationship 111": "SPDXRef-DOCUMENT DESCRIBES SPDXRef-file-format_test_rb-b8e7-39c88af0", "Relationship 112": "SPDXRef-DOCUMENT DESCRIBES SPDXRef-file-http_mock_test_rb-0bd7-1e7c739c", "Relationship 113": "SPDXRef-DOCUMENT DESCRIBES SPDXRef-file-log_subscriber_test_-9f12-7c6893bb", "Relationship 114": "SPDXRef-DOCUMENT DESCRIBES SPDXRef-file-reflection_test_rb-fea8-68352f39", "Relationship 115": "SPDXRef-DOCUMENT DESCRIBES SPDXRef-file-validations_test_rb-dabc-de20712b", "Relationship 116": "SPDXRef-DOCUMENT DESCRIBES SPDXRef-file-address_rb-7dc0-f7acc987", "Relationship 117": "SPDXRef-DOCUMENT DESCRIBES SPDXRef-file-beast_rb-2a96-c06bc02c", "Relationship 118": "SPDXRef-DOCUMENT DESCRIBES SPDXRef-file-comment_rb-d0ae-87371e36", "Relationship 119": "SPDXRef-DOCUMENT DESCRIBES SPDXRef-file-customer_rb-a392-858fb73d", "Relationship 120": "SPDXRef-DOCUMENT DESCRIBES SPDXRef-file-inventory_rb-9d2a-41c6280f", "Relationship 121": "SPDXRef-DOCUMENT DESCRIBES SPDXRef-file-person_rb-f11e-06b1a6bf", "Relationship 122": "SPDXRef-DOCUMENT DESCRIBES SPDXRef-file-post_rb-bf0d-36c1591a", "Relationship 123": "SPDXRef-DOCUMENT DESCRIBES SPDXRef-file-product_rb-3728-5c1262d7", "Relationship 124": "SPDXRef-DOCUMENT DESCRIBES SPDXRef-file-project_rb-e8d3-6e890e14", "Relationship 125": "SPDXRef-DOCUMENT DESCRIBES SPDXRef-file-proxy_rb-c6ff-ab138751", "Relationship 126": "SPDXRef-DOCUMENT DESCRIBES SPDXRef-file-sound_rb-2993-056b4d19", "Relationship 127": "SPDXRef-DOCUMENT DESCRIBES SPDXRef-file-street_address_rb-0d30-3ff391e4", "Relationship 128": "SPDXRef-DOCUMENT DESCRIBES SPDXRef-file-subscription_plan_rb-7a2f-90f710c7", "Relationship 129": "SPDXRef-DOCUMENT DESCRIBES SPDXRef-file-weather_rb-73ad-78e0ca3f", "Relationship 130": "SPDXRef-DOCUMENT DESCRIBES SPDXRef-file-setter_trap_rb-efbd-ba6909cb", "Relationship 131": "SPDXRef-DOCUMENT DESCRIBES SPDXRef-file-singleton_test_rb-1cf8-3096ebf1", "Relationship 132": "SPDXRef-DOCUMENT DESCRIBES SPDXRef-file-threadsafe_attribute-d9db-646956eb", "Relationship 133": "SPDXRef-DOCUMENT DESCRIBES SPDXRef-file-_travis_yml-08f1-7a62aa8e", "Relationship 134": "SPDXRef-DOCUMENT DESCRIBES SPDXRef-package-activeresource-de33-d0a475ef"}}